298.552	2086.000
299.348	2090.667
300.144	2088.667
300.940	2080.333
301.736	2079.333
302.532	2079.333
303.328	2085.000
304.124	2082.000
304.920	2084.000
305.716	2082.667
306.512	2083.333
307.307	2083.000
308.103	2082.667
308.899	2088.000
309.694	2087.333
310.490	2089.000
311.285	2094.667
312.080	2089.667
312.876	2091.000
313.671	2082.667
314.466	2092.333
315.261	2090.667
316.056	2090.333
316.851	2080.667
317.646	2079.667
318.441	2079.667
319.235	2086.333
320.030	2090.000
320.825	2088.333
321.619	2085.333
322.414	2083.000
323.208	2084.333
324.003	2086.333
324.797	2087.667
325.591	2091.000
326.385	2089.000
327.179	2087.333
327.973	2086.667
328.767	2088.667
329.561	2091.667
330.355	2094.333
331.149	2098.000
331.943	2096.000
332.737	2098.667
333.530	2094.667
334.324	2089.000
335.117	2084.000
335.911	2086.000
336.704	2089.667
337.497	2087.333
338.291	2087.000
339.084	2086.667
339.877	2091.000
340.670	2088.333
341.463	2090.333
342.256	2088.000
343.049	2091.667
343.842	2092.000
344.634	2095.333
345.427	2092.667
346.220	2090.667
347.012	2081.667
347.805	2082.000
348.597	2082.000
349.390	2091.333
350.182	2089.333
350.974	2088.333
351.766	2085.333
352.558	2084.667
353.350	2084.000
354.142	2080.667
354.934	2081.000
355.726	2084.667
356.518	2083.000
357.310	2087.667
358.101	2089.333
358.893	2095.000
359.685	2092.000
360.476	2090.333
361.268	2086.333
362.059	2090.667
362.850	2088.667
363.641	2090.000
364.433	2086.333
365.224	2086.333
366.015	2087.667
366.806	2089.667
367.597	2089.667
368.387	2087.333
369.178	2086.333
369.969	2090.000
370.760	2092.667
371.550	2092.000
372.341	2092.000
373.131	2089.000
373.921	2088.333
374.712	2090.000
375.502	2094.333
376.292	2098.667
377.082	2092.667
377.872	2091.333
378.662	2088.333
379.452	2087.000
380.242	2084.333
381.032	2082.667
381.822	2083.333
382.612	2083.667
383.401	2084.000
384.191	2084.667
384.980	2084.000
385.770	2084.000
386.559	2087.667
387.348	2086.000
388.138	2088.667
388.927	2093.000
389.716	2096.667
390.505	2090.667
391.294	2086.333
392.083	2088.667
392.872	2089.000
393.660	2086.000
394.449	2086.333
395.238	2091.667
396.026	2088.000
396.815	2083.667
397.603	2080.000
398.392	2088.667
399.180	2088.000
399.968	2092.000
400.756	2086.667
401.545	2089.667
402.333	2089.000
403.121	2097.333
403.908	2098.000
404.696	2097.667
405.484	2095.000
406.272	2094.667
407.060	2096.000
407.847	2093.333
408.635	2093.333
409.422	2093.000
410.210	2094.667
410.997	2095.333
411.784	2094.333
412.571	2089.333
413.359	2086.667
414.146	2085.667
414.933	2087.000
415.720	2085.333
416.506	2088.667
417.293	2090.000
418.080	2092.000
418.867	2091.667
419.653	2093.333
420.440	2095.333
421.226	2098.667
422.013	2098.333
422.799	2094.333
423.585	2088.667
424.372	2086.333
425.158	2091.333
425.944	2091.333
426.730	2096.000
427.516	2093.667
428.302	2094.333
429.088	2093.000
429.873	2092.667
430.659	2094.333
431.445	2095.667
432.230	2093.667
433.016	2091.333
433.801	2086.333
434.586	2091.333
435.372	2095.000
436.157	2098.333
436.942	2093.000
437.727	2089.667
438.512	2090.000
439.297	2092.333
440.082	2090.667
440.867	2086.667
441.652	2088.667
442.436	2091.667
443.221	2092.333
444.005	2090.333
444.790	2087.000
445.574	2083.667
446.359	2085.333
447.143	2087.667
447.927	2088.000
448.711	2086.333
449.495	2091.333
450.280	2098.000
451.063	2100.333
451.847	2101.333
452.631	2097.667
453.415	2100.000
454.199	2092.667
454.982	2093.333
455.766	2093.333
456.549	2101.000
457.333	2102.000
458.116	2101.667
458.899	2094.667
459.682	2091.000
460.466	2087.333
461.249	2085.333
462.032	2089.667
462.815	2090.000
463.598	2091.667
464.380	2090.333
465.163	2089.667
465.946	2095.333
466.728	2093.000
467.511	2095.667
468.293	2094.333
469.076	2106.000
469.858	2106.000
470.640	2103.333
471.423	2094.667
472.205	2091.667
472.987	2092.333
473.769	2091.667
474.551	2092.000
475.332	2090.333
476.114	2088.667
476.896	2090.333
477.678	2093.667
478.459	2096.667
479.241	2093.333
480.022	2090.667
480.804	2089.333
481.585	2092.667
482.366	2094.333
483.147	2094.333
483.928	2089.333
484.709	2090.000
485.490	2088.667
486.271	2097.000
487.052	2095.667
487.833	2103.333
488.614	2099.333
489.394	2103.000
490.175	2097.000
490.955	2095.000
491.736	2104.667
492.516	2117.333
493.296	2118.000
494.076	2104.667
494.857	2090.333
495.637	2093.333
496.417	2094.667
497.197	2097.333
497.976	2096.667
498.756	2097.000
499.536	2094.333
500.316	2094.667
501.095	2093.000
501.875	2094.333
502.654	2093.000
503.434	2092.333
504.213	2089.333
504.992	2091.000
505.771	2091.667
506.550	2096.000
507.329	2095.333
508.108	2096.333
508.887	2094.333
509.666	2099.000
510.445	2096.667
511.224	2098.000
512.002	2096.333
512.781	2095.333
513.559	2098.000
514.338	2097.667
515.116	2102.667
515.894	2105.000
516.673	2132.667
517.451	2130.000
518.229	2128.667
519.007	2103.667
519.785	2105.333
520.562	2106.000
521.340	2101.333
522.118	2099.000
522.896	2094.000
523.673	2094.333
524.451	2091.000
525.228	2088.000
526.006	2088.667
526.783	2095.333
527.560	2101.000
528.337	2101.667
529.114	2102.000
529.891	2097.333
530.668	2095.333
531.445	2094.333
532.222	2099.333
532.999	2098.333
533.775	2095.333
534.552	2091.667
535.328	2094.333
536.105	2099.000
536.881	2100.000
537.658	2099.333
538.434	2098.667
539.210	2100.333
539.986	2104.333
540.762	2108.000
541.538	2109.667
542.314	2110.000
543.090	2108.333
543.865	2109.000
544.641	2106.000
545.417	2099.667
546.192	2102.000
546.968	2105.667
547.743	2110.333
548.518	2114.667
549.294	2123.667
550.069	2178.333
550.844	2279.000
551.619	2392.667
552.394	2476.333
553.169	2511.000
553.944	2526.000
554.718	2535.333
555.493	2544.667
556.268	2568.333
557.042	2590.333
557.817	2625.333
558.591	2658.000
559.365	2706.333
560.140	2747.667
560.914	2804.667
561.688	2881.333
562.462	2976.000
563.236	3052.667
564.010	3076.333
564.784	3086.000
565.557	3099.667
566.331	3146.333
567.105	3198.000
567.878	3256.333
568.652	3323.333
569.425	3391.333
570.198	3463.667
570.972	3536.667
571.745	3615.000
572.518	3708.667
573.291	3800.000
574.064	3889.000
574.837	3972.333
575.610	4053.333
576.382	4155.667
577.155	4240.667
577.928	4320.667
578.700	4388.667
579.473	4466.000
580.245	4542.667
581.017	4611.667
581.790	4670.333
582.562	4721.000
583.334	4763.667
584.106	4797.333
584.878	4828.333
585.650	4864.000
586.422	4897.667
587.193	4927.333
587.965	4946.000
588.737	4953.667
589.508	4956.667
590.280	4950.000
591.051	4951.667
591.822	4953.333
592.593	4937.667
593.365	4924.333
594.136	4891.333
594.907	4871.000
595.678	4835.333
596.449	4808.000
597.219	4766.333
597.990	4729.000
598.761	4688.667
599.531	4663.667
600.302	4628.333
601.072	4593.000
601.843	4556.000
602.613	4523.667
603.383	4490.333
604.153	4455.667
604.923	4416.667
605.693	4385.667
606.463	4352.333
607.233	4325.667
608.003	4288.333
608.772	4242.333
609.542	4208.000
610.312	4180.000
611.081	4165.000
611.851	4128.000
612.620	4100.333
613.389	4066.667
614.158	4048.333
614.927	4025.000
615.696	4006.667
616.465	3993.000
617.234	3987.667
618.003	3976.667
618.772	3965.000
619.541	3948.333
620.309	3935.333
621.078	3928.333
621.846	3915.000
622.614	3906.667
623.383	3891.333
624.151	3895.333
624.919	3889.000
625.687	3886.667
626.455	3882.000
627.223	3885.333
627.991	3884.333
628.759	3877.333
629.526	3872.000
630.294	3873.333
631.062	3867.333
631.829	3872.000
632.597	3868.333
633.364	3867.667
634.131	3858.667
634.898	3852.000
635.665	3846.000
636.433	3841.667
637.199	3854.667
637.966	3859.667
638.733	3866.000
639.500	3862.333
640.267	3867.667
641.033	3865.667
641.800	3862.333
642.566	3865.667
643.333	3871.667
644.099	3885.333
644.865	3886.667
645.631	3892.667
646.397	3891.667
647.163	3904.667
647.929	3916.333
648.695	3930.000
649.461	3949.000
650.227	3968.333
650.992	3956.000
651.758	3923.333
652.523	3879.667
653.289	3853.333
654.054	3827.667
654.819	3790.667
655.584	3743.333
656.349	3695.333
657.114	3659.000
657.879	3631.667
658.644	3603.000
659.409	3567.333
660.174	3525.667
660.938	3488.667
661.703	3451.667
662.467	3419.333
663.232	3380.333
663.996	3348.667
664.760	3329.667
665.525	3294.000
666.289	3256.333
667.053	3213.000
667.817	3190.667
668.581	3168.667
669.345	3136.333
670.108	3107.333
670.872	3080.000
671.636	3057.000
672.399	3031.000
673.162	3004.333
673.926	2975.000
674.689	2949.667
675.452	2930.667
676.215	2913.000
676.979	2893.333
677.742	2870.333
678.504	2852.000
679.267	2834.667
680.030	2818.000
680.793	2804.000
681.555	2786.000
682.318	2767.333
683.080	2751.333
683.843	2736.000
684.605	2723.000
685.367	2705.333
686.129	2697.000
686.891	2683.000
687.653	2670.667
688.415	2658.333
689.177	2652.000
689.939	2646.667
690.701	2635.667
691.462	2620.667
692.224	2609.667
692.985	2598.000
693.747	2588.667
694.508	2582.333
695.269	2571.667
696.030	2568.000
696.791	2555.000
697.552	2553.000
698.313	2541.333
699.074	2535.000
699.835	2528.000
700.596	2526.000
701.356	2525.667
702.117	2522.667
702.877	2515.000
703.638	2505.333
704.398	2494.667
705.158	2493.000
705.918	2486.667
706.678	2484.000
707.438	2476.667
708.198	2478.667
708.958	2476.333
709.718	2479.000
710.478	2465.000
711.237	2457.000
711.997	2447.333
712.756	2446.667
713.516	2438.667
714.275	2428.000
715.034	2416.333
715.793	2411.333
716.552	2406.667
717.311	2400.333
718.070	2390.000
718.829	2381.000
719.588	2372.000
720.346	2363.000
721.105	2353.000
721.864	2345.000
722.622	2336.000
723.380	2328.667
724.139	2319.000
724.897	2312.000
725.655	2297.667
726.413	2291.333
727.171	2283.000
727.929	2282.333
728.687	2274.000
729.445	2265.333
730.202	2258.333
730.960	2252.333
731.717	2246.333
732.475	2239.000
733.232	2234.333
733.989	2232.333
734.747	2230.333
735.504	2228.000
736.261	2224.333
737.018	2218.000
737.775	2216.667
738.531	2209.000
739.288	2204.000
740.045	2202.000
740.801	2202.000
741.558	2201.000
742.314	2193.000
743.071	2189.333
743.827	2186.000
744.583	2184.000
745.339	2183.000
746.095	2177.333
746.851	2174.333
747.607	2169.667
748.363	2164.667
749.119	2162.667
749.874	2159.667
750.630	2160.333
751.385	2157.000
752.141	2153.333
752.896	2150.000
753.651	2147.333
754.406	2147.333
755.161	2151.333
755.916	2151.333
756.671	2147.333
757.426	2143.333
758.181	2139.333
758.936	2140.667
759.690	2138.000
760.445	2137.333
761.199	2137.000
761.954	2134.333
762.708	2131.000
763.462	2126.667
764.216	2124.667
764.970	2124.333
765.724	2123.667
766.478	2124.000
767.232	2124.333
767.986	2121.000
768.739	2121.000
769.493	2117.000
770.246	2118.000
771.000	2113.667
771.753	2117.667
772.506	2110.667
773.260	2116.000
774.013	2109.667
774.766	2115.333
775.519	2110.667
776.272	2111.667
777.024	2114.667
777.777	2112.000
778.530	2113.667
779.282	2111.333
780.035	2110.333
780.787	2113.000
781.539	2109.333
782.292	2112.000
783.044	2101.333
783.796	2101.333
784.548	2098.333
785.300	2099.333
786.051	2100.333
786.803	2105.333
787.555	2108.000
788.306	2105.667
789.058	2102.000
789.809	2104.667
790.561	2106.667
791.312	2103.667
792.063	2103.333
792.814	2101.667
793.565	2105.000
794.316	2102.333
795.067	2102.333
795.818	2102.667
796.568	2098.333
797.319	2096.333
798.070	2091.667
798.820	2099.667
799.570	2098.000
800.321	2096.333
801.071	2094.667
801.821	2094.333
802.571	2096.333
803.321	2100.667
804.071	2104.667
804.821	2103.667
805.570	2094.333
806.320	2091.667
807.070	2092.333
807.819	2096.000
808.568	2097.333
809.318	2100.333
810.067	2096.667
810.816	2095.000
811.565	2092.333
812.314	2094.333
813.063	2096.333
813.812	2094.667
814.561	2094.333
815.309	2092.333
816.058	2095.333
816.806	2093.667
817.555	2095.667
818.303	2096.667
819.051	2100.333
819.800	2103.000
820.548	2102.333
821.296	2101.667
822.044	2100.000
822.792	2100.000
823.539	2101.667
824.287	2100.667
825.035	2098.667
825.782	2092.667
826.530	2092.667
827.277	2094.000
828.024	2101.667
828.771	2097.000
829.519	2095.333
830.266	2086.667
831.013	2087.667
831.759	2092.000
832.506	2094.667
833.253	2099.000
833.999	2093.000
834.746	2095.333
835.492	2090.667
836.239	2092.000
836.985	2087.667
837.731	2087.667
838.477	2086.667
839.224	2087.000
839.969	2089.667
840.715	2088.333
841.461	2089.667
842.207	2091.667
842.953	2090.667
843.698	2088.667
844.444	2083.333
845.189	2088.667
845.934	2110.000
846.679	2113.000
847.425	2114.000
848.170	2096.000
848.915	2092.667
849.660	2095.000
850.404	2095.667
851.149	2095.667
851.894	2090.333
852.638	2088.000
853.383	2099.667
854.127	2099.333
854.871	2102.000
855.616	2093.667
856.360	2091.667
857.104	2097.333
857.848	2099.000
858.592	2103.333
859.336	2094.000
860.079	2092.667
860.823	2090.667
861.566	2094.000
862.310	2092.000
863.053	2094.000
863.797	2094.000
864.540	2096.000
865.283	2124.333
866.026	2134.000
866.769	2130.667
867.512	2102.333
868.255	2087.333
868.998	2090.667
869.740	2089.000
870.483	2092.667
871.225	2092.667
871.968	2096.333
872.710	2089.667
873.452	2087.667
874.194	2082.667
874.936	2085.667
875.678	2090.000
876.420	2095.667
877.162	2101.667
877.904	2099.000
878.645	2091.333
879.387	2089.667
880.128	2092.667
880.870	2098.333
881.611	2098.000
882.352	2097.000
883.093	2092.333
883.834	2090.667
884.575	2087.000
885.316	2089.333
886.057	2091.000
886.798	2091.667
887.538	2093.667
888.279	2094.000
889.020	2096.000
889.760	2092.667
890.500	2091.667
891.240	2096.333
891.981	2098.333
892.721	2101.667
893.461	2094.333
894.200	2091.000
894.940	2086.667
895.680	2085.667
896.419	2088.000
897.159	2090.000
897.898	2089.333
898.638	2087.667
899.377	2084.000
900.116	2083.667
900.855	2081.000
901.594	2082.667
902.333	2084.333
903.072	2093.000
903.811	2096.667
904.550	2096.000
905.288	2090.333
906.027	2088.667
906.765	2092.000
907.504	2094.333
908.242	2096.333
908.980	2092.333
909.718	2088.667
910.456	2083.000
911.194	2084.000
911.932	2087.333
912.670	2089.000
913.407	2092.667
914.145	2088.000
914.882	2088.667
915.620	2088.000
916.357	2092.667
917.094	2093.333
917.831	2091.667
918.568	2085.333
919.305	2085.333
920.042	2089.000
920.779	2094.667
921.516	2096.000
922.253	2094.667
922.989	2088.667
923.726	2085.667
924.462	2085.667
925.198	2096.333
925.934	2095.333
926.671	2094.000
927.407	2091.333
928.143	2093.000
928.878	2092.667
929.614	2095.000
930.350	2094.667
931.085	2093.667
931.821	2091.333
932.556	2089.667
933.292	2087.667
934.027	2085.333
934.762	2086.000
935.497	2091.000
936.232	2095.000
936.967	2101.000
937.702	2099.333
938.437	2097.333
939.171	2091.667
939.906	2092.333
940.640	2091.333
941.375	2092.333
942.109	2090.333
942.843	2089.000
943.578	2089.000
944.312	2091.667
945.046	2090.333
945.779	2093.000
946.513	2091.333
947.247	2095.000
947.981	2092.333
948.714	2091.000
949.448	2089.667
950.181	2088.333
950.914	2094.667
951.647	2096.333
952.380	2098.000
953.113	2094.667
953.846	2094.000
954.579	2095.000
955.312	2094.000
956.045	2092.333
956.777	2092.667
957.510	2095.000
958.242	2096.000
958.974	2095.333
959.707	2090.333
960.439	2088.333
961.171	2084.667
961.903	2086.667
962.635	2086.667
963.366	2092.333
964.098	2088.667
964.830	2089.333
965.561	2088.667
966.293	2092.000
967.024	2094.000
967.755	2093.667
968.487	2092.000
969.218	2092.667
969.949	2094.667
970.680	2098.000
971.410	2098.333
972.141	2096.000
972.872	2096.667
973.602	2096.667
974.333	2093.667
975.063	2092.000
975.794	2094.333
976.524	2097.000
977.254	2095.667
977.984	2091.667
978.714	2090.333
979.444	2093.667
980.173	2094.000
980.903	2093.000
981.633	2091.667
982.362	2090.667
983.092	2088.667
983.821	2087.667
984.550	2088.000
985.279	2094.000
986.008	2096.667
986.737	2097.667
987.466	2097.333
988.195	2095.667
988.924	2095.333
989.653	2091.000
990.381	2089.000
991.109	2089.333
991.838	2092.333
992.566	2094.333
993.294	2090.000
994.022	2088.333
994.750	2087.000
995.478	2092.667
996.206	2097.667
996.934	2100.333
997.662	2097.667
998.389	2091.000
999.117	2089.333
999.844	2094.000
1000.571	2097.333
1001.298	2098.333
1002.026	2094.000
1002.753	2093.667
1003.480	2093.000
1004.206	2092.333
1004.933	2090.667
1005.660	2092.667
1006.386	2092.333
1007.113	2096.000
1007.839	2092.000
1008.566	2095.667
1009.292	2093.333
1010.018	2091.667
1010.744	2091.667
1011.470	2092.000
1012.196	2096.000
1012.922	2095.000
1013.647	2096.000
1014.373	2093.000
1015.098	2088.667
1015.824	2090.333
1016.549	2095.333
1017.274	2098.333
1018.000	2097.333
1018.725	2097.000
1019.450	2096.333
1020.175	2094.000
1020.899	2092.333
1021.624	2089.667
1022.349	2087.667
1023.073	2098.667
1023.798	2098.667
1024.522	2102.000
1025.246	2088.333
1025.970	2093.667
1026.694	2093.000
1027.418	2095.000
1028.142	2089.667
1028.866	2092.333
1029.590	2091.667
1030.314	2098.333
1031.037	2097.333
1031.760	2101.333
1032.484	2101.333
1033.207	2100.333
1033.930	2094.667
1034.653	2095.667
1035.376	2093.000
1036.099	2093.000
1036.822	2088.667
1037.545	2091.000
1038.267	2092.000
1038.990	2090.333
1039.712	2089.333
1040.435	2086.000
1041.157	2100.333
1041.879	2102.667
1042.601	2108.333
1043.323	2096.333
1044.045	2091.333
1044.767	2097.667
1045.489	2096.000
1046.210	2097.333
1046.932	2085.667
1047.653	2087.000
1048.375	2086.667
1049.096	2091.333
1049.817	2091.667
1050.538	2096.000
1051.259	2095.000
1051.980	2094.333
1052.701	2090.667
1053.422	2090.000
1054.142	2089.333
1054.863	2090.333
1055.583	2091.000
1056.304	2088.667
1057.024	2087.667
1057.744	2085.667
1058.464	2092.000
1059.184	2093.333
1059.904	2096.000
1060.624	2092.000
1061.344	2090.667
1062.063	2092.000
1062.783	2089.333
1063.502	2093.333
1064.222	2092.000
1064.941	2095.000
1065.660	2091.667
1066.379	2093.667
1067.098	2091.667
1067.817	2093.667
1068.536	2089.000
1069.255	2091.333
1069.973	2092.667
1070.692	2095.000
1071.410	2094.000
1072.129	2090.333
1072.847	2094.333
1073.565	2094.333
1074.283	2097.667
1075.001	2091.000
1075.719	2090.333
1076.437	2085.000
1077.155	2083.667
1077.872	2082.333
1078.590	2088.667
1079.307	2091.333
1080.024	2097.667
1080.742	2092.667
1081.459	2093.333
1082.176	2093.667
1082.893	2094.667
1083.610	2097.333
1084.327	2095.333
1085.043	2094.667
1085.760	2094.000
1086.476	2093.000
1087.193	2084.667
1087.909	2078.333
1088.625	2069.667
1089.341	2074.000
1090.057	2076.000
