alice,bob_basis,detector,outcome,alice_target_v,bob_target_v,ungated_counts,selected_counts,exposure_s,selected_rate_hz,probability_within_basis,sync_period_ns,raw_folder
S0,HV,CH1,,-155.146,38.712,7262,2025,100.0,20.25,0.13089005235602094,2000.014,01_Alice_S0_Bob_HV\20260928T234253_346772Z
S0,HV,CH2,,-155.146,38.712,22816,13446,100.0,134.46,0.8691099476439791,2000.014,01_Alice_S0_Bob_HV\20260928T234253_346772Z
S0,RL,CH1,,-155.146,-58.54,13242,8135,100.0,81.35,0.548254481736083,2000.014,02_Alice_S0_Bob_RL\20260928T234436_238122Z
S0,RL,CH2,,-155.146,-58.54,16042,6703,100.0,67.03,0.45174551826391696,2000.014,02_Alice_S0_Bob_RL\20260928T234436_238122Z
S1,HV,CH1,,-54.922,38.712,11263,6289,100.0,62.89,0.4758625907990315,2000.015,03_Alice_S1_Bob_HV\20260928T234619_126701Z
S1,HV,CH2,,-54.922,38.712,16241,6927,100.0,69.27,0.5241374092009685,2000.015,03_Alice_S1_Bob_HV\20260928T234619_126701Z
S1,RL,CH1,,-54.922,-58.54,6596,1516,100.0,15.16,0.13021817557120768,2000.015,04_Alice_S1_Bob_RL\20260928T234801_993321Z
S1,RL,CH2,,-54.922,-58.54,19521,10126,100.0,101.26,0.8697818244287923,2000.015,04_Alice_S1_Bob_RL\20260928T234801_993321Z
S2,HV,CH1,,45.302,38.712,16140,10968,100.0,109.68,0.8682710576314123,2000.014,05_Alice_S2_Bob_HV\20260928T234944_875946Z
S2,HV,CH2,,45.302,38.712,10910,1664,100.0,16.64,0.1317289423685877,2000.014,05_Alice_S2_Bob_HV\20260928T234944_875946Z
S2,RL,CH1,,45.302,-58.54,9532,4342,100.0,43.42,0.40568065028496686,2000.02,06_Alice_S2_Bob_RL\20260928T235127_775488Z
S2,RL,CH2,,45.302,-58.54,15753,6361,100.0,63.61,0.5943193497150332,2000.02,06_Alice_S2_Bob_RL\20260928T235127_775488Z
S3,HV,CH1,,145.526,38.712,11812,6698,100.0,66.98,0.6719502407704655,2000.015,07_Alice_S3_Bob_HV\20260928T235310_657189Z
S3,HV,CH2,,145.526,38.712,12565,3270,100.0,32.7,0.3280497592295345,2000.015,07_Alice_S3_Bob_HV\20260928T235310_657189Z
S3,RL,CH1,,145.526,-58.54,12977,7910,100.0,79.1,0.8292273823251913,2000.014,08_Alice_S3_Bob_RL\20260928T235453_466987Z
S3,RL,CH2,,145.526,-58.54,11001,1629,100.0,16.29,0.17077261767480867,2000.014,08_Alice_S3_Bob_RL\20260928T235453_466987Z
