host_utc,elapsed_s,epoch,sync_hz,ch1_hz,ch2_hz,sum_hz,commanded_hz,alice_v,bob_v,sync_matches,warnings,warnings_text
2026-09-28T01:56:23.947534+00:00,2.754814499989152,0,499990,90,300,390,500000.0,-100.0,0.0,True,0,
2026-09-28T01:56:24.165663+00:00,2.972947000002023,0,500000,50,370,420,500000.0,-100.0,0.0,True,0,
2026-09-28T01:56:24.385234+00:00,3.192518799973186,0,499990,50,330,380,500000.0,-100.0,0.0,True,0,
2026-09-28T01:56:24.605991+00:00,3.413271999976132,0,499990,90,400,490,500000.0,-100.0,0.0,True,0,
2026-09-28T01:56:24.824983+00:00,3.6322614999953657,0,500000,110,380,490,500000.0,-100.0,0.0,True,0,
2026-09-28T01:56:25.044633+00:00,3.851909000019077,0,500000,120,260,380,500000.0,-100.0,0.0,True,0,
2026-09-28T01:56:25.264735+00:00,4.072010100004263,0,500000,100,280,380,500000.0,-100.0,0.0,True,0,
2026-09-28T01:56:25.483638+00:00,4.290914700017311,0,500000,110,300,410,500000.0,-100.0,0.0,True,0,
2026-09-28T01:56:25.701969+00:00,4.509259300015401,0,500000,70,390,460,500000.0,-100.0,0.0,True,0,
2026-09-28T01:56:25.933241+00:00,4.740537400008179,0,499990,150,280,430,500000.0,-100.0,0.0,True,0,
2026-09-28T01:56:26.151630+00:00,4.958894899988081,0,499990,110,270,380,500000.0,-100.0,0.0,True,0,
2026-09-28T01:56:26.370677+00:00,5.177947100019082,0,499990,40,310,350,500000.0,-100.0,0.0,True,0,
2026-09-28T01:56:26.589526+00:00,5.396803300012834,0,499990,90,230,320,500000.0,-100.0,0.0,True,0,
2026-09-28T01:56:26.807351+00:00,5.614609099982772,0,500000,120,380,500,500000.0,-100.0,0.0,True,0,
2026-09-28T01:56:27.027071+00:00,5.834355800005142,0,500000,120,370,490,500000.0,-100.0,0.0,True,0,
2026-09-28T01:56:27.244408+00:00,6.051699300005566,0,500000,100,390,490,500000.0,-100.0,0.0,True,0,
2026-09-28T01:56:27.461779+00:00,6.269057400000747,0,499990,80,190,270,500000.0,-100.0,0.0,True,0,
2026-09-28T01:56:27.680067+00:00,6.48733600002015,0,500000,70,270,340,500000.0,-100.0,0.0,True,0,
2026-09-28T01:56:27.897792+00:00,6.705080099985935,0,499990,100,250,350,500000.0,-100.0,0.0,True,0,
2026-09-28T01:56:28.117709+00:00,6.924987800011877,0,499990,80,320,400,500000.0,-100.0,0.0,True,0,
2026-09-28T01:56:28.336387+00:00,7.143637700006366,0,500000,100,390,490,500000.0,-100.0,0.0,True,0,
2026-09-28T01:56:28.555842+00:00,7.363118199980818,0,500000,110,400,510,500000.0,-100.0,0.0,True,0,
2026-09-28T01:56:28.774357+00:00,7.58163119998062,0,500000,150,320,470,500000.0,-100.0,0.0,True,0,
2026-09-28T01:56:29.006201+00:00,7.81343919999199,0,500000,100,310,410,500000.0,-100.0,0.0,True,0,
2026-09-28T01:56:29.225337+00:00,8.03259070002241,0,500000,100,190,290,500000.0,-100.0,0.0,True,0,
2026-09-28T01:56:29.444736+00:00,8.251966700016055,0,499990,100,270,370,500000.0,-100.0,0.0,True,0,
2026-09-28T01:56:29.664951+00:00,8.47218470001826,0,499990,90,280,370,500000.0,-100.0,0.0,True,0,
2026-09-28T01:56:29.882510+00:00,8.689770099997986,0,499990,160,320,480,500000.0,-100.0,0.0,True,0,
2026-09-28T01:56:30.115666+00:00,8.922930600005202,0,499990,110,330,440,500000.0,-100.0,0.0,True,0,
2026-09-28T01:56:30.333086+00:00,9.1403465999756,0,500000,90,300,390,500000.0,-100.0,0.0,True,0,
2026-09-28T01:56:30.553540+00:00,9.360791600018274,0,500000,50,350,400,500000.0,-100.0,0.0,True,0,
2026-09-28T01:56:30.772016+00:00,9.579266600019764,0,500000,110,310,420,500000.0,-100.0,0.0,True,0,
2026-09-28T01:56:30.991250+00:00,9.798491100023966,0,500000,140,230,370,500000.0,-100.0,0.0,True,0,
2026-09-28T01:56:31.209986+00:00,10.017237099993508,0,500000,160,320,480,500000.0,-100.0,0.0,True,0,
2026-09-28T01:56:31.429196+00:00,10.236444399983156,0,499990,80,200,280,500000.0,-100.0,0.0,True,0,
2026-09-28T01:56:31.662385+00:00,10.469627199985553,0,499990,120,280,400,500000.0,-100.0,0.0,True,0,
2026-09-28T01:56:31.894737+00:00,10.701984999992419,0,499990,70,260,330,500000.0,-100.0,0.0,True,0,
2026-09-28T01:56:32.125197+00:00,10.9324357000296,0,499990,80,310,390,500000.0,-100.0,0.0,True,0,
2026-09-28T01:56:32.343912+00:00,11.151135299995076,0,500000,80,240,320,500000.0,-100.0,0.0,True,0,
2026-09-28T01:56:32.560577+00:00,11.367789699987043,0,500000,20,400,420,500000.0,-100.0,0.0,True,0,
2026-09-28T01:56:32.780249+00:00,11.58748220000416,0,500000,80,320,400,500000.0,-100.0,0.0,True,0,
2026-09-28T01:56:32.998490+00:00,11.80570909997914,0,500000,50,360,410,500000.0,-100.0,0.0,True,0,
2026-09-28T01:56:33.230825+00:00,12.03802600002382,0,500000,80,270,350,500000.0,-100.0,0.0,True,0,
2026-09-28T01:56:33.449988+00:00,12.257215399993584,0,499990,120,270,390,500000.0,-100.0,0.0,True,0,
2026-09-28T01:56:33.670051+00:00,12.477251500007696,0,500000,30,260,290,500000.0,-100.0,0.0,True,0,
2026-09-28T01:56:33.901793+00:00,12.709014200023375,0,499990,80,300,380,500000.0,-100.0,0.0,True,0,
2026-09-28T01:56:34.120340+00:00,12.92759069998283,0,499990,50,320,370,500000.0,-100.0,0.0,True,0,
2026-09-28T01:56:34.337363+00:00,13.144547300005797,0,500000,130,250,380,500000.0,-100.0,0.0,True,0,
2026-09-28T01:56:34.555724+00:00,13.362940200022422,0,500000,80,330,410,500000.0,-100.0,0.0,True,0,
2026-09-28T01:56:34.774078+00:00,13.581254500022624,0,500000,60,280,340,500000.0,-100.0,0.0,True,0,
2026-09-28T01:56:34.992930+00:00,13.800146199995652,0,500000,70,240,310,500000.0,-100.0,0.0,True,0,
2026-09-28T01:56:35.212167+00:00,14.019394300004933,0,500000,90,340,430,500000.0,-100.0,0.0,True,0,
2026-09-28T01:56:35.430906+00:00,14.238116600026842,0,499990,110,360,470,500000.0,-100.0,0.0,True,0,
2026-09-28T01:56:35.648233+00:00,14.455400199978612,0,499990,110,330,440,500000.0,-100.0,0.0,True,0,
2026-09-28T01:56:35.866931+00:00,14.674101800017525,0,499990,40,300,340,500000.0,-100.0,0.0,True,0,
2026-09-28T01:56:36.083772+00:00,14.890976099995896,0,500000,120,310,430,500000.0,-100.0,0.0,True,0,
2026-09-28T01:56:36.302877+00:00,15.110051000025123,0,500000,180,440,620,500000.0,-100.0,0.0,True,0,
2026-09-28T01:56:36.524754+00:00,15.3319482000079,0,500000,170,370,540,500000.0,-100.0,0.0,True,0,
2026-09-28T01:56:36.741376+00:00,15.548564500000793,0,499990,100,370,470,500000.0,-100.0,0.0,True,0,
2026-09-28T01:56:36.959453+00:00,15.766646399977617,0,499990,100,330,430,500000.0,-100.0,0.0,True,0,
2026-09-28T01:56:37.205006+00:00,16.012187300017104,0,499990,120,250,370,500000.0,-100.0,0.0,True,0,
2026-09-28T01:56:37.424473+00:00,16.23165329999756,0,499990,150,350,500,500000.0,-100.0,0.0,True,0,
2026-09-28T01:56:37.657838+00:00,16.465029200015124,0,500000,150,330,480,500000.0,-100.0,0.0,True,0,
2026-09-28T01:56:37.888729+00:00,16.695900699996855,0,499990,80,440,520,500000.0,-100.0,0.0,True,0,
2026-09-28T01:56:38.123973+00:00,16.931156700011343,0,500000,120,330,450,500000.0,-100.0,0.0,True,0,
2026-09-28T01:56:38.342144+00:00,17.14932939998107,0,500000,110,320,430,500000.0,-100.0,0.0,True,0,
2026-09-28T01:56:38.559157+00:00,17.366307199990842,0,500000,140,300,440,500000.0,-100.0,0.0,True,0,
2026-09-28T01:56:38.790682+00:00,17.597818800015375,0,500000,100,310,410,500000.0,-100.0,0.0,True,0,
2026-09-28T01:56:39.010254+00:00,17.81740429997444,0,500000,70,300,370,500000.0,-100.0,0.0,True,0,
2026-09-28T01:56:39.353918+00:00,18.161059200007003,1,751880,140,370,510,751879.6992481203,-100.0,0.0,True,0,
2026-09-28T01:56:39.570859+00:00,18.377995899994858,1,751880,90,310,400,751879.6992481203,-100.0,0.0,True,0,
2026-09-28T01:56:39.790041+00:00,18.597169600019697,1,751870,160,330,490,751879.6992481203,-100.0,0.0,True,0,
2026-09-28T01:56:40.007525+00:00,18.81465020001633,1,751870,230,270,500,751879.6992481203,-100.0,0.0,True,0,
2026-09-28T01:56:40.225644+00:00,19.032769299985375,1,751880,110,400,510,751879.6992481203,-100.0,0.0,True,0,
2026-09-28T01:56:40.444961+00:00,19.252082900027744,1,751880,90,290,380,751879.6992481203,-100.0,0.0,True,0,
2026-09-28T01:56:40.664630+00:00,19.471748000010848,1,751870,80,360,440,751879.6992481203,-100.0,0.0,True,0,
2026-09-28T01:56:40.883465+00:00,19.690585399977863,1,751870,110,400,510,751879.6992481203,-100.0,0.0,True,0,
2026-09-28T01:56:41.101086+00:00,19.908201800019015,1,751870,110,270,380,751879.6992481203,-100.0,0.0,True,0,
2026-09-28T01:56:41.318693+00:00,20.12580659997184,1,751870,110,330,440,751879.6992481203,-100.0,0.0,True,0,
2026-09-28T01:56:41.539340+00:00,20.346448600001168,1,751880,80,460,540,751879.6992481203,-100.0,0.0,True,0,
2026-09-28T01:56:41.758935+00:00,20.56604529998731,1,751870,70,280,350,751879.6992481203,-100.0,0.0,True,0,
2026-09-28T01:56:41.976292+00:00,20.78339679999044,1,751880,100,220,320,751879.6992481203,-100.0,0.0,True,0,
2026-09-28T01:56:42.194107+00:00,21.00121090002358,1,751870,80,380,460,751879.6992481203,-100.0,0.0,True,0,
2026-09-28T01:56:42.410446+00:00,21.217546699976083,1,751870,150,320,470,751879.6992481203,-100.0,0.0,True,0,
2026-09-28T01:56:42.629314+00:00,21.43641349999234,1,751880,170,330,500,751879.6992481203,-100.0,0.0,True,0,
2026-09-28T01:56:42.847901+00:00,21.6550283000106,1,751870,120,330,450,751879.6992481203,-100.0,0.0,True,0,
2026-09-28T01:56:43.082858+00:00,21.889988099981565,1,751880,130,360,490,751879.6992481203,-100.0,0.0,True,0,
2026-09-28T01:56:43.300923+00:00,22.10805530002108,1,751870,120,450,570,751879.6992481203,-100.0,0.0,True,0,
2026-09-28T01:56:43.533110+00:00,22.34022960002767,1,751870,90,260,350,751879.6992481203,-100.0,0.0,True,0,
2026-09-28T01:56:43.752103+00:00,22.559230500017293,1,751880,150,290,440,751879.6992481203,-100.0,0.0,True,0,
2026-09-28T01:56:43.983720+00:00,22.79082739999285,1,751870,150,290,440,751879.6992481203,-100.0,0.0,True,0,
2026-09-28T01:56:44.201606+00:00,23.008722700004,1,751880,160,320,480,751879.6992481203,-100.0,0.0,True,0,
2026-09-28T01:56:44.447725+00:00,23.254829499986954,1,751870,120,430,550,751879.6992481203,-100.0,0.0,True,0,
2026-09-28T01:56:44.669437+00:00,23.476524800003972,1,751880,150,440,590,751879.6992481203,-100.0,0.0,True,0,
2026-09-28T01:56:44.886946+00:00,23.694022400013637,1,751870,150,320,470,751879.6992481203,-100.0,0.0,True,0,
2026-09-28T01:56:45.120834+00:00,23.927932400023565,1,751870,110,480,590,751879.6992481203,-100.0,0.0,True,0,
2026-09-28T01:56:45.338797+00:00,24.145865499973297,1,751880,100,360,460,751879.6992481203,-100.0,0.0,True,0,
2026-09-28T01:56:45.556458+00:00,24.363533099996857,1,751870,130,250,380,751879.6992481203,-100.0,0.0,True,0,
2026-09-28T01:56:45.774573+00:00,24.581674300017767,1,751880,170,310,480,751879.6992481203,-100.0,0.0,True,0,
2026-09-28T01:56:46.007097+00:00,24.81421229999978,1,751870,130,360,490,751879.6992481203,-100.0,0.0,True,0,
2026-09-28T01:56:46.225755+00:00,25.032853899989277,1,751870,90,320,410,751879.6992481203,-100.0,0.0,True,0,
2026-09-28T01:56:46.457839+00:00,25.264916400017682,1,751880,70,350,420,751879.6992481203,-100.0,0.0,True,0,
2026-09-28T01:56:46.690817+00:00,25.49791799997911,1,751870,150,320,470,751879.6992481203,-100.0,0.0,True,0,
2026-09-28T01:56:46.910493+00:00,25.71758499997668,1,751880,160,370,530,751879.6992481203,-100.0,0.0,True,0,
2026-09-28T01:56:47.129470+00:00,25.9365646999795,1,751870,190,360,550,751879.6992481203,-100.0,0.0,True,0,
2026-09-28T01:56:47.347027+00:00,26.154113000025973,1,751870,120,390,510,751879.6992481203,-100.0,0.0,True,0,
2026-09-28T01:56:47.579724+00:00,26.386784099973738,1,751870,130,490,620,751879.6992481203,-100.0,0.0,True,0,
2026-09-28T01:56:47.798346+00:00,26.605434200027958,1,751870,100,390,490,751879.6992481203,-100.0,0.0,True,0,
2026-09-28T01:56:48.031103+00:00,26.838174399978016,1,751880,160,340,500,751879.6992481203,-100.0,0.0,True,0,
2026-09-28T01:56:48.248687+00:00,27.05575780000072,1,751870,130,370,500,751879.6992481203,-100.0,0.0,True,0,
2026-09-28T01:56:48.466362+00:00,27.273441200028174,1,751880,160,460,620,751879.6992481203,-100.0,0.0,True,0,
2026-09-28T01:56:48.686068+00:00,27.493141299986746,1,751870,110,290,400,751879.6992481203,-100.0,0.0,True,0,
2026-09-28T01:56:48.904599+00:00,27.711670399992727,1,751870,140,360,500,751879.6992481203,-100.0,0.0,True,0,
2026-09-28T01:56:49.138944+00:00,27.94601989997318,1,751880,120,320,440,751879.6992481203,-100.0,0.0,True,0,
2026-09-28T01:56:49.356248+00:00,28.163310799980536,1,751880,80,390,470,751879.6992481203,-100.0,0.0,True,0,
2026-09-28T01:56:49.574001+00:00,28.38102929998422,1,751880,130,360,490,751879.6992481203,-100.0,0.0,True,0,
2026-09-28T01:56:49.792662+00:00,28.599720900005195,1,751870,160,300,460,751879.6992481203,-100.0,0.0,True,0,
2026-09-28T01:56:50.011117+00:00,28.818143700016662,1,751870,100,390,490,751879.6992481203,-100.0,0.0,True,0,
2026-09-28T01:56:50.244020+00:00,29.05104879999999,1,751880,100,340,440,751879.6992481203,-100.0,0.0,True,0,
2026-09-28T01:56:50.462119+00:00,29.269136900024023,1,751880,120,320,440,751879.6992481203,-100.0,0.0,True,0,
2026-09-28T01:56:50.681184+00:00,29.48820690001594,1,751880,120,420,540,751879.6992481203,-100.0,0.0,True,0,
2026-09-28T01:56:50.899388+00:00,29.70642190001672,1,751870,130,280,410,751879.6992481203,-100.0,0.0,True,0,
2026-09-28T01:56:51.118551+00:00,29.92559459997574,1,751870,130,290,420,751879.6992481203,-100.0,0.0,True,0,
2026-09-28T01:56:51.336083+00:00,30.143107799987774,1,751870,170,420,590,751879.6992481203,-100.0,0.0,True,0,
2026-09-28T01:56:51.555011+00:00,30.362051200005226,1,751880,90,390,480,751879.6992481203,-100.0,0.0,True,0,
2026-09-28T01:56:51.787100+00:00,30.594140300003346,1,751880,90,330,420,751879.6992481203,-100.0,0.0,True,0,
2026-09-28T01:56:52.007394+00:00,30.814424199983478,1,751880,140,320,460,751879.6992481203,-100.0,0.0,True,0,
2026-09-28T01:56:52.239783+00:00,31.046833399974275,1,751870,80,450,530,751879.6992481203,-100.0,0.0,True,0,
2026-09-28T01:56:52.485912+00:00,31.292947700014338,1,751870,120,410,530,751879.6992481203,-100.0,0.0,True,0,
2026-09-28T01:56:52.703539+00:00,31.51056929997867,1,751870,150,350,500,751879.6992481203,-100.0,0.0,True,0,
2026-09-28T01:56:52.921820+00:00,31.728817499999423,1,751880,140,370,510,751879.6992481203,-100.0,0.0,True,0,
2026-09-28T01:56:53.140084+00:00,31.94710520002991,1,751880,90,430,520,751879.6992481203,-100.0,0.0,True,0,
2026-09-28T01:56:53.359316+00:00,32.1663084999891,1,751870,100,320,420,751879.6992481203,-100.0,0.0,True,0,
2026-09-28T01:56:53.577370+00:00,32.38439660001313,1,751870,150,500,650,751879.6992481203,-100.0,0.0,True,0,
2026-09-28T01:56:53.808586+00:00,32.61564299999736,1,751870,130,440,570,751879.6992481203,-100.0,0.0,True,0,
2026-09-28T01:56:54.039992+00:00,32.84700740000699,1,751870,90,360,450,751879.6992481203,-100.0,0.0,True,0,
2026-09-28T01:56:54.258501+00:00,33.06550760002574,1,751880,120,420,540,751879.6992481203,-100.0,0.0,True,0,
2026-09-28T01:56:54.491162+00:00,33.298178100027144,1,751880,120,450,570,751879.6992481203,-100.0,0.0,True,0,
2026-09-28T01:56:54.710249+00:00,33.517255900020245,1,751870,130,370,500,751879.6992481203,-100.0,0.0,True,0,
2026-09-28T01:56:54.928043+00:00,33.73504739999771,1,751870,110,300,410,751879.6992481203,-100.0,0.0,True,0,
2026-09-28T01:56:55.145781+00:00,33.952788800001144,1,751870,170,350,520,751879.6992481203,-100.0,0.0,True,0,
2026-09-28T01:56:55.364376+00:00,34.171346999995876,1,751880,70,280,350,751879.6992481203,-100.0,0.0,True,0,
2026-09-28T01:56:55.582095+00:00,34.38910720002605,1,751880,130,430,560,751879.6992481203,-100.0,0.0,True,0,
2026-09-28T01:56:55.803655+00:00,34.61062190000666,1,751880,150,450,600,751879.6992481203,-100.0,0.0,True,0,
2026-09-28T01:56:56.023797+00:00,34.83079069998348,1,751870,110,440,550,751879.6992481203,-100.0,0.0,True,0,
2026-09-28T01:56:56.242289+00:00,35.04928550001932,1,751870,130,340,470,751879.6992481203,-100.0,0.0,True,0,
2026-09-28T01:56:56.462024+00:00,35.26902449998306,1,751880,160,340,500,751879.6992481203,-100.0,0.0,True,0,
2026-09-28T01:56:56.680512+00:00,35.48750559997279,1,751870,150,200,350,751879.6992481203,-100.0,0.0,True,0,
2026-09-28T01:56:56.914318+00:00,35.72130949998973,1,751880,150,420,570,751879.6992481203,-100.0,0.0,True,0,
2026-09-28T01:56:57.144892+00:00,35.95187739998801,1,751870,130,300,430,751879.6992481203,-100.0,0.0,True,0,
2026-09-28T01:56:57.364114+00:00,36.17111370002385,1,751870,110,330,440,751879.6992481203,-100.0,0.0,True,0,
2026-09-28T01:56:57.583288+00:00,36.3902452000184,1,751870,140,310,450,751879.6992481203,-100.0,0.0,True,0,
2026-09-28T01:56:57.801638+00:00,36.60861270001624,1,751870,120,350,470,751879.6992481203,-100.0,0.0,True,0,
2026-09-28T01:56:58.021752+00:00,36.8286986000021,1,751880,130,330,460,751879.6992481203,-100.0,0.0,True,0,
2026-09-28T01:56:58.237874+00:00,37.044831899984274,1,751870,150,310,460,751879.6992481203,-100.0,0.0,True,0,
2026-09-28T01:56:58.456136+00:00,37.26310490001924,1,751870,100,290,390,751879.6992481203,-100.0,0.0,True,0,
2026-09-28T01:56:58.674250+00:00,37.481181400013156,1,751870,170,320,490,751879.6992481203,-100.0,0.0,True,0,
2026-09-28T01:56:58.891543+00:00,37.698511000024155,1,751870,70,340,410,751879.6992481203,-100.0,0.0,True,0,
2026-09-28T01:56:59.109232+00:00,37.916171699995175,1,751880,170,380,550,751879.6992481203,-100.0,0.0,True,0,
2026-09-28T01:56:59.329056+00:00,38.13601479999488,1,751880,120,430,550,751879.6992481203,-100.0,0.0,True,0,
2026-09-28T01:56:59.547620+00:00,38.35458280000603,1,751870,120,360,480,751879.6992481203,-100.0,0.0,True,0,
2026-09-28T01:56:59.765089+00:00,38.572028500027955,1,751870,90,380,470,751879.6992481203,-100.0,0.0,True,0,
2026-09-28T01:56:59.984381+00:00,38.791344599972945,1,751870,150,280,430,751879.6992481203,-100.0,0.0,True,0,
2026-09-28T01:57:00.217277+00:00,39.02421589998994,1,751880,140,220,360,751879.6992481203,-100.0,0.0,True,0,
2026-09-28T01:57:00.434178+00:00,39.241110800008755,1,751880,140,320,460,751879.6992481203,-100.0,0.0,True,0,
2026-09-28T01:57:00.665652+00:00,39.472567400021944,1,751870,180,360,540,751879.6992481203,-100.0,0.0,True,0,
2026-09-28T01:57:00.886957+00:00,39.69386649999069,1,751870,120,320,440,751879.6992481203,-100.0,0.0,True,0,
2026-09-28T01:57:01.103818+00:00,39.91072460002033,1,751870,180,410,590,751879.6992481203,-100.0,0.0,True,0,
2026-09-28T01:57:01.321501+00:00,40.128436299972236,1,751870,120,280,400,751879.6992481203,-100.0,0.0,True,0,
2026-09-28T01:57:01.539471+00:00,40.346393699990585,1,751880,120,440,560,751879.6992481203,-100.0,0.0,True,0,
2026-09-28T01:57:01.758095+00:00,40.56501110002864,1,751870,80,370,450,751879.6992481203,-100.0,0.0,True,0,
2026-09-28T01:57:01.974904+00:00,40.7818474000087,1,751880,150,370,520,751879.6992481203,-100.0,0.0,True,0,
2026-09-28T01:57:02.194944+00:00,41.00187580002239,1,751870,130,300,430,751879.6992481203,-100.0,0.0,True,0,
2026-09-28T01:57:02.412433+00:00,41.2193725000252,1,751870,160,380,540,751879.6992481203,-100.0,0.0,True,0,
2026-09-28T01:57:02.644280+00:00,41.45120650000172,1,751880,70,370,440,751879.6992481203,-100.0,0.0,True,0,
2026-09-28T01:57:02.861647+00:00,41.66857839998556,1,751870,120,320,440,751879.6992481203,-100.0,0.0,True,0,
2026-09-28T01:57:03.079645+00:00,41.88657749997219,1,751880,70,490,560,751879.6992481203,-100.0,0.0,True,0,
2026-09-28T01:57:03.297699+00:00,42.10460820002481,1,751870,100,220,320,751879.6992481203,-100.0,0.0,True,0,
2026-09-28T01:57:03.532231+00:00,42.339190699975006,1,751870,120,340,460,751879.6992481203,-100.0,0.0,True,0,
2026-09-28T01:57:03.750237+00:00,42.55715140001848,1,751880,110,370,480,751879.6992481203,-100.0,0.0,True,0,
2026-09-28T01:57:03.970538+00:00,42.77746020001359,1,751870,160,340,500,751879.6992481203,-100.0,0.0,True,0,
2026-09-28T01:57:04.187375+00:00,42.99429230001988,1,751880,100,430,530,751879.6992481203,-100.0,0.0,True,0,
2026-09-28T01:57:04.404784+00:00,43.211699299979955,1,751870,170,300,470,751879.6992481203,-100.0,0.0,True,0,
2026-09-28T01:57:04.624493+00:00,43.431402900023386,1,751870,150,360,510,751879.6992481203,-100.0,0.0,True,0,
2026-09-28T01:57:04.841710+00:00,43.64863289997447,1,751870,150,420,570,751879.6992481203,-100.0,0.0,True,0,
2026-09-28T01:57:05.088732+00:00,43.895637599984184,1,751870,130,350,480,751879.6992481203,-100.0,0.0,True,0,
2026-09-28T01:57:05.320616+00:00,44.1275244000135,1,751880,160,330,490,751879.6992481203,-100.0,0.0,True,0,
2026-09-28T01:57:05.540473+00:00,44.34738499997184,1,751870,100,450,550,751879.6992481203,-100.0,0.0,True,0,
2026-09-28T01:57:05.759323+00:00,44.56618600001093,1,751870,160,410,570,751879.6992481203,-100.0,0.0,True,0,
2026-09-28T01:57:05.977113+00:00,44.784018800011836,1,751870,100,360,460,751879.6992481203,-100.0,0.0,True,0,
2026-09-28T01:57:06.196780+00:00,45.003642400028184,1,751870,80,470,550,751879.6992481203,-100.0,0.0,True,0,
2026-09-28T01:57:06.414621+00:00,45.22151350002969,1,751880,110,380,490,751879.6992481203,-100.0,0.0,True,0,
2026-09-28T01:57:06.632056+00:00,45.4390547000221,1,751880,170,300,470,751879.6992481203,-100.0,0.0,True,0,
2026-09-28T01:57:06.849147+00:00,45.656039000023156,1,751870,150,320,470,751879.6992481203,-100.0,0.0,True,0,
2026-09-28T01:57:07.070069+00:00,45.876953699975275,1,751870,100,300,400,751879.6992481203,-100.0,0.0,True,0,
2026-09-28T01:57:07.301619+00:00,46.108507599972654,1,751870,200,410,610,751879.6992481203,-100.0,0.0,True,0,
2026-09-28T01:57:07.536093+00:00,46.34297840000363,1,751870,140,310,450,751879.6992481203,-100.0,0.0,True,0,
2026-09-28T01:57:07.754747+00:00,46.56162629998289,1,751880,120,330,450,751879.6992481203,-100.0,0.0,True,0,
2026-09-28T01:57:07.974418+00:00,46.78129529999569,1,751880,90,240,330,751879.6992481203,-100.0,0.0,True,0,
2026-09-28T01:57:08.192602+00:00,46.99946949997684,1,751870,130,320,450,751879.6992481203,-100.0,0.0,True,0,
2026-09-28T01:57:08.409868+00:00,47.21674489998259,1,751870,120,350,470,751879.6992481203,-100.0,0.0,True,0,
2026-09-28T01:57:08.629502+00:00,47.436385400011204,1,751870,100,300,400,751879.6992481203,-100.0,0.0,True,0,
2026-09-28T01:57:08.861575+00:00,47.66844570002286,1,751880,110,400,510,751879.6992481203,-100.0,0.0,True,0,
2026-09-28T01:57:09.081218+00:00,47.88807639997685,1,751880,120,350,470,751879.6992481203,-100.0,0.0,True,0,
2026-09-28T01:57:09.299116+00:00,48.10596900002565,1,751880,100,330,430,751879.6992481203,-100.0,0.0,True,0,
2026-09-28T01:57:09.516584+00:00,48.32344649999868,1,751870,120,290,410,751879.6992481203,-100.0,0.0,True,0,
2026-09-28T01:57:09.734194+00:00,48.54105529998196,1,751870,140,390,530,751879.6992481203,-100.0,0.0,True,0,
2026-09-28T01:57:09.952661+00:00,48.75951599999098,1,751880,80,350,430,751879.6992481203,-100.0,0.0,True,0,
2026-09-28T01:57:10.183970+00:00,48.99082890001591,1,751880,20,290,310,751879.6992481203,-100.0,0.0,True,0,
2026-09-28T01:57:10.401650+00:00,49.20851189998211,1,751880,120,420,540,751879.6992481203,-100.0,0.0,True,0,
2026-09-28T01:57:10.619711+00:00,49.426554000005126,1,751870,160,310,470,751879.6992481203,-100.0,0.0,True,0,
2026-09-28T01:57:10.836518+00:00,49.643372900027316,1,751870,120,290,410,751879.6992481203,-100.0,0.0,True,0,
2026-09-28T01:57:11.054942+00:00,49.861761300009675,1,751880,120,310,430,751879.6992481203,-100.0,0.0,True,0,
2026-09-28T01:57:11.274920+00:00,50.081730099976994,1,751870,130,290,420,751879.6992481203,-100.0,0.0,True,0,
2026-09-28T01:57:11.495268+00:00,50.30208960000891,1,751880,150,440,590,751879.6992481203,-100.0,0.0,True,0,
2026-09-28T01:57:11.913681+00:00,50.72050659998786,2,100000,60,150,210,100000.0,-100.0,0.0,True,1024,"WARNING_TIME_SPAN_TOO_SMALL: 
The sync period is/was longer than the measurable time 
span at the current resolution. Events falling outside 
this span will not be recorded."
2026-09-28T01:57:12.131839+00:00,50.93865670001833,2,100000,50,160,210,100000.0,-100.0,0.0,True,1024,"WARNING_TIME_SPAN_TOO_SMALL: 
The sync period is/was longer than the measurable time 
span at the current resolution. Events falling outside 
this span will not be recorded."
2026-09-28T01:57:12.350810+00:00,51.157624699990265,2,100000,70,140,210,100000.0,-100.0,0.0,True,1024,"WARNING_TIME_SPAN_TOO_SMALL: 
The sync period is/was longer than the measurable time 
span at the current resolution. Events falling outside 
this span will not be recorded."
2026-09-28T01:57:12.567836+00:00,51.37463769997703,2,99990,80,100,180,100000.0,-100.0,0.0,True,1024,"WARNING_TIME_SPAN_TOO_SMALL: 
The sync period is/was longer than the measurable time 
span at the current resolution. Events falling outside 
this span will not be recorded."
2026-09-28T01:57:12.787319+00:00,51.59411750000436,2,100000,80,140,220,100000.0,-100.0,0.0,True,1024,"WARNING_TIME_SPAN_TOO_SMALL: 
The sync period is/was longer than the measurable time 
span at the current resolution. Events falling outside 
this span will not be recorded."
2026-09-28T01:57:13.005704+00:00,51.812501800013706,2,100000,20,170,190,100000.0,-100.0,0.0,True,1024,"WARNING_TIME_SPAN_TOO_SMALL: 
The sync period is/was longer than the measurable time 
span at the current resolution. Events falling outside 
this span will not be recorded."
2026-09-28T01:57:13.224359+00:00,52.031156399985775,2,100000,70,140,210,100000.0,-100.0,0.0,True,1024,"WARNING_TIME_SPAN_TOO_SMALL: 
The sync period is/was longer than the measurable time 
span at the current resolution. Events falling outside 
this span will not be recorded."
2026-09-28T01:57:13.441081+00:00,52.24787339998875,2,100000,70,140,210,100000.0,-100.0,0.0,True,1024,"WARNING_TIME_SPAN_TOO_SMALL: 
The sync period is/was longer than the measurable time 
span at the current resolution. Events falling outside 
this span will not be recorded."
2026-09-28T01:57:13.661156+00:00,52.46794599998975,2,100000,90,200,290,100000.0,-100.0,0.0,True,1024,"WARNING_TIME_SPAN_TOO_SMALL: 
The sync period is/was longer than the measurable time 
span at the current resolution. Events falling outside 
this span will not be recorded."
2026-09-28T01:57:13.879042+00:00,52.685899499978404,2,100000,50,100,150,100000.0,-100.0,0.0,True,1024,"WARNING_TIME_SPAN_TOO_SMALL: 
The sync period is/was longer than the measurable time 
span at the current resolution. Events falling outside 
this span will not be recorded."
2026-09-28T01:57:14.099174+00:00,52.90598709997721,2,100000,60,140,200,100000.0,-100.0,0.0,True,1024,"WARNING_TIME_SPAN_TOO_SMALL: 
The sync period is/was longer than the measurable time 
span at the current resolution. Events falling outside 
this span will not be recorded."
2026-09-28T01:57:14.315838+00:00,53.12266140000429,2,100000,80,110,190,100000.0,-100.0,0.0,True,1024,"WARNING_TIME_SPAN_TOO_SMALL: 
The sync period is/was longer than the measurable time 
span at the current resolution. Events falling outside 
this span will not be recorded."
2026-09-28T01:57:14.534328+00:00,53.34114969999064,2,100000,40,110,150,100000.0,-100.0,0.0,True,1024,"WARNING_TIME_SPAN_TOO_SMALL: 
The sync period is/was longer than the measurable time 
span at the current resolution. Events falling outside 
this span will not be recorded."
2026-09-28T01:57:14.752032+00:00,53.558853599999566,2,100000,110,200,310,100000.0,-100.0,0.0,True,1024,"WARNING_TIME_SPAN_TOO_SMALL: 
The sync period is/was longer than the measurable time 
span at the current resolution. Events falling outside 
this span will not be recorded."
2026-09-28T01:57:14.971199+00:00,53.77801140001975,2,100000,80,80,160,100000.0,-100.0,0.0,True,1024,"WARNING_TIME_SPAN_TOO_SMALL: 
The sync period is/was longer than the measurable time 
span at the current resolution. Events falling outside 
this span will not be recorded."
2026-09-28T01:57:15.189347+00:00,53.996156900015194,2,100000,50,170,220,100000.0,-100.0,0.0,True,1024,"WARNING_TIME_SPAN_TOO_SMALL: 
The sync period is/was longer than the measurable time 
span at the current resolution. Events falling outside 
this span will not be recorded."
2026-09-28T01:57:15.407389+00:00,54.214199499983806,2,100000,70,110,180,100000.0,-100.0,0.0,True,1024,"WARNING_TIME_SPAN_TOO_SMALL: 
The sync period is/was longer than the measurable time 
span at the current resolution. Events falling outside 
this span will not be recorded."
2026-09-28T01:57:15.626697+00:00,54.433485899993684,2,100000,40,190,230,100000.0,-100.0,0.0,True,1024,"WARNING_TIME_SPAN_TOO_SMALL: 
The sync period is/was longer than the measurable time 
span at the current resolution. Events falling outside 
this span will not be recorded."
2026-09-28T01:57:15.843990+00:00,54.650755500013474,2,100000,70,120,190,100000.0,-100.0,0.0,True,1024,"WARNING_TIME_SPAN_TOO_SMALL: 
The sync period is/was longer than the measurable time 
span at the current resolution. Events falling outside 
this span will not be recorded."
2026-09-28T01:57:16.063041+00:00,54.86983169999439,2,100000,60,110,170,100000.0,-100.0,0.0,True,1024,"WARNING_TIME_SPAN_TOO_SMALL: 
The sync period is/was longer than the measurable time 
span at the current resolution. Events falling outside 
this span will not be recorded."
2026-09-28T01:57:16.296036+00:00,55.102822299988475,2,99990,80,150,230,100000.0,-100.0,0.0,True,1024,"WARNING_TIME_SPAN_TOO_SMALL: 
The sync period is/was longer than the measurable time 
span at the current resolution. Events falling outside 
this span will not be recorded."
2026-09-28T01:57:16.515143+00:00,55.32190169999376,2,100000,50,150,200,100000.0,-100.0,0.0,True,1024,"WARNING_TIME_SPAN_TOO_SMALL: 
The sync period is/was longer than the measurable time 
span at the current resolution. Events falling outside 
this span will not be recorded."
2026-09-28T01:57:16.734879+00:00,55.5416790000163,2,100000,50,180,230,100000.0,-100.0,0.0,True,1024,"WARNING_TIME_SPAN_TOO_SMALL: 
The sync period is/was longer than the measurable time 
span at the current resolution. Events falling outside 
this span will not be recorded."
2026-09-28T01:57:16.952466+00:00,55.7592636999907,2,100000,100,200,300,100000.0,-100.0,0.0,True,1024,"WARNING_TIME_SPAN_TOO_SMALL: 
The sync period is/was longer than the measurable time 
span at the current resolution. Events falling outside 
this span will not be recorded."
2026-09-28T01:57:17.171224+00:00,55.97801110002911,2,100000,70,70,140,100000.0,-100.0,0.0,True,1024,"WARNING_TIME_SPAN_TOO_SMALL: 
The sync period is/was longer than the measurable time 
span at the current resolution. Events falling outside 
this span will not be recorded."
2026-09-28T01:57:17.403701+00:00,56.210485799994785,2,100000,70,100,170,100000.0,-100.0,0.0,True,1024,"WARNING_TIME_SPAN_TOO_SMALL: 
The sync period is/was longer than the measurable time 
span at the current resolution. Events falling outside 
this span will not be recorded."
2026-09-28T01:57:17.622385+00:00,56.42917379998835,2,99990,70,100,170,100000.0,-100.0,0.0,True,1024,"WARNING_TIME_SPAN_TOO_SMALL: 
The sync period is/was longer than the measurable time 
span at the current resolution. Events falling outside 
this span will not be recorded."
2026-09-28T01:57:17.840594+00:00,56.64739100000588,2,100000,110,180,290,100000.0,-100.0,0.0,True,1024,"WARNING_TIME_SPAN_TOO_SMALL: 
The sync period is/was longer than the measurable time 
span at the current resolution. Events falling outside 
this span will not be recorded."
2026-09-28T01:57:18.057900+00:00,56.8646850999794,2,100000,60,120,180,100000.0,-100.0,0.0,True,1024,"WARNING_TIME_SPAN_TOO_SMALL: 
The sync period is/was longer than the measurable time 
span at the current resolution. Events falling outside 
this span will not be recorded."
2026-09-28T01:57:18.276505+00:00,57.08328010002151,2,100000,50,160,210,100000.0,-100.0,0.0,True,1024,"WARNING_TIME_SPAN_TOO_SMALL: 
The sync period is/was longer than the measurable time 
span at the current resolution. Events falling outside 
this span will not be recorded."
2026-09-28T01:57:18.495179+00:00,57.30193610000424,2,100000,30,190,220,100000.0,-100.0,0.0,True,1024,"WARNING_TIME_SPAN_TOO_SMALL: 
The sync period is/was longer than the measurable time 
span at the current resolution. Events falling outside 
this span will not be recorded."
2026-09-28T01:57:18.712304+00:00,57.51904320000904,2,100000,70,140,210,100000.0,-100.0,0.0,True,1024,"WARNING_TIME_SPAN_TOO_SMALL: 
The sync period is/was longer than the measurable time 
span at the current resolution. Events falling outside 
this span will not be recorded."
2026-09-28T01:57:18.946515+00:00,57.753292399982456,2,100000,110,110,220,100000.0,-100.0,0.0,True,1024,"WARNING_TIME_SPAN_TOO_SMALL: 
The sync period is/was longer than the measurable time 
span at the current resolution. Events falling outside 
this span will not be recorded."
2026-09-28T01:57:19.165081+00:00,57.97185069997795,2,100000,50,140,190,100000.0,-100.0,0.0,True,1024,"WARNING_TIME_SPAN_TOO_SMALL: 
The sync period is/was longer than the measurable time 
span at the current resolution. Events falling outside 
this span will not be recorded."
2026-09-28T01:57:19.383683+00:00,58.19048119999934,2,100000,50,150,200,100000.0,-100.0,0.0,True,1024,"WARNING_TIME_SPAN_TOO_SMALL: 
The sync period is/was longer than the measurable time 
span at the current resolution. Events falling outside 
this span will not be recorded."
2026-09-28T01:57:19.602002+00:00,58.408759300014935,2,100000,70,130,200,100000.0,-100.0,0.0,True,1024,"WARNING_TIME_SPAN_TOO_SMALL: 
The sync period is/was longer than the measurable time 
span at the current resolution. Events falling outside 
this span will not be recorded."
2026-09-28T01:57:19.834021+00:00,58.64083920000121,2,100000,30,140,170,100000.0,-100.0,0.0,True,1024,"WARNING_TIME_SPAN_TOO_SMALL: 
The sync period is/was longer than the measurable time 
span at the current resolution. Events falling outside 
this span will not be recorded."
2026-09-28T01:57:20.053957+00:00,58.86071899998933,2,100000,50,130,180,100000.0,-100.0,0.0,True,1024,"WARNING_TIME_SPAN_TOO_SMALL: 
The sync period is/was longer than the measurable time 
span at the current resolution. Events falling outside 
this span will not be recorded."
2026-09-28T01:57:20.271888+00:00,59.07864299998619,2,100000,100,90,190,100000.0,-100.0,0.0,True,1024,"WARNING_TIME_SPAN_TOO_SMALL: 
The sync period is/was longer than the measurable time 
span at the current resolution. Events falling outside 
this span will not be recorded."
2026-09-28T01:57:20.491742+00:00,59.29849870002363,2,100000,70,150,220,100000.0,-100.0,0.0,True,1024,"WARNING_TIME_SPAN_TOO_SMALL: 
The sync period is/was longer than the measurable time 
span at the current resolution. Events falling outside 
this span will not be recorded."
2026-09-28T01:57:20.723140+00:00,59.529859800008126,2,100000,60,170,230,100000.0,-100.0,0.0,True,1024,"WARNING_TIME_SPAN_TOO_SMALL: 
The sync period is/was longer than the measurable time 
span at the current resolution. Events falling outside 
this span will not be recorded."
2026-09-28T01:57:20.942396+00:00,59.74911129998509,2,100000,40,120,160,100000.0,-100.0,0.0,True,1024,"WARNING_TIME_SPAN_TOO_SMALL: 
The sync period is/was longer than the measurable time 
span at the current resolution. Events falling outside 
this span will not be recorded."
2026-09-28T01:57:21.160727+00:00,59.967479899991304,2,100000,120,110,230,100000.0,-100.0,0.0,True,1024,"WARNING_TIME_SPAN_TOO_SMALL: 
The sync period is/was longer than the measurable time 
span at the current resolution. Events falling outside 
this span will not be recorded."
2026-09-28T01:57:21.378344+00:00,60.18505540001206,2,100000,100,160,260,100000.0,-100.0,0.0,True,1024,"WARNING_TIME_SPAN_TOO_SMALL: 
The sync period is/was longer than the measurable time 
span at the current resolution. Events falling outside 
this span will not be recorded."
2026-09-28T01:57:21.598908+00:00,60.405659799987916,2,100000,60,130,190,100000.0,-100.0,0.0,True,1024,"WARNING_TIME_SPAN_TOO_SMALL: 
The sync period is/was longer than the measurable time 
span at the current resolution. Events falling outside 
this span will not be recorded."
2026-09-28T01:57:21.816732+00:00,60.62343889998738,2,100000,80,90,170,100000.0,-100.0,0.0,True,1024,"WARNING_TIME_SPAN_TOO_SMALL: 
The sync period is/was longer than the measurable time 
span at the current resolution. Events falling outside 
this span will not be recorded."
2026-09-28T01:57:22.035112+00:00,60.8418361999793,2,100000,70,150,220,100000.0,-100.0,0.0,True,1024,"WARNING_TIME_SPAN_TOO_SMALL: 
The sync period is/was longer than the measurable time 
span at the current resolution. Events falling outside 
this span will not be recorded."
2026-09-28T01:57:22.363238+00:00,61.16997699998319,3,999990,100,370,470,1000000.0,-100.0,0.0,True,0,
2026-09-28T01:57:22.581029+00:00,61.38773590000346,3,1000000,130,410,540,1000000.0,-100.0,0.0,True,0,
2026-09-28T01:57:22.798780+00:00,61.60547830001451,3,999990,50,350,400,1000000.0,-100.0,0.0,True,0,
2026-09-28T01:57:23.016514+00:00,61.823209499998484,3,999990,120,390,510,1000000.0,-100.0,0.0,True,0,
2026-09-28T01:57:23.235433+00:00,62.04212749999715,3,999990,120,390,510,1000000.0,-100.0,0.0,True,0,
2026-09-28T01:57:23.454391+00:00,62.261083899997175,3,999990,70,260,330,1000000.0,-100.0,0.0,True,0,
2026-09-28T01:57:23.674266+00:00,62.48095709999325,3,999990,30,190,220,1000000.0,-100.0,0.0,True,0,
2026-09-28T01:57:23.892603+00:00,62.69929100002628,3,999990,110,410,520,1000000.0,-100.0,0.0,True,0,
2026-09-28T01:57:24.112396+00:00,62.919083899992984,3,1000000,100,380,480,1000000.0,-100.0,0.0,True,0,
2026-09-28T01:57:24.329910+00:00,63.136593999981415,3,999990,170,280,450,1000000.0,-100.0,0.0,True,0,
2026-09-28T01:57:24.551196+00:00,63.357884800003376,3,1000000,90,320,410,1000000.0,-100.0,0.0,True,0,
2026-09-28T01:57:24.770682+00:00,63.577361800009385,3,999990,120,310,430,1000000.0,-100.0,0.0,True,0,
2026-09-28T01:57:24.990123+00:00,63.796875400003046,3,1000000,120,380,500,1000000.0,-100.0,0.0,True,0,
2026-09-28T01:57:25.208701+00:00,64.0153778999811,3,999990,140,320,460,1000000.0,-100.0,0.0,True,0,
2026-09-28T01:57:25.428602+00:00,64.23535269999411,3,999990,120,500,620,1000000.0,-100.0,0.0,True,0,
2026-09-28T01:57:25.646385+00:00,64.45307899999898,3,999990,90,320,410,1000000.0,-100.0,0.0,True,0,
2026-09-28T01:57:25.864170+00:00,64.67087819997687,3,999990,150,410,560,1000000.0,-100.0,0.0,True,0,
2026-09-28T01:57:26.095783+00:00,64.90248069999507,3,999990,130,330,460,1000000.0,-100.0,0.0,True,0,
2026-09-28T01:57:26.331660+00:00,65.13835810002638,3,999990,160,380,540,1000000.0,-100.0,0.0,True,0,
2026-09-28T01:57:26.548214+00:00,65.354874200013,3,1000000,150,330,480,1000000.0,-100.0,0.0,True,0,
2026-09-28T01:57:26.767901+00:00,65.57456979999552,3,999990,160,380,540,1000000.0,-100.0,0.0,True,0,
2026-09-28T01:57:26.987485+00:00,65.7941395000089,3,1000000,120,360,480,1000000.0,-100.0,0.0,True,0,
2026-09-28T01:57:27.204697+00:00,66.01137339998968,3,999990,110,350,460,1000000.0,-100.0,0.0,True,0,
2026-09-28T01:57:27.422377+00:00,66.22906769998372,3,999990,100,450,550,1000000.0,-100.0,0.0,True,0,
2026-09-28T01:57:27.640817+00:00,66.44750010001007,3,999990,150,430,580,1000000.0,-100.0,0.0,True,0,
2026-09-28T01:57:27.859199+00:00,66.66585549997399,3,999990,110,340,450,1000000.0,-100.0,0.0,True,0,
2026-09-28T01:57:28.077647+00:00,66.88432910002302,3,999990,150,340,490,1000000.0,-100.0,0.0,True,0,
2026-09-28T01:57:28.297260+00:00,67.10394719999749,3,999990,160,300,460,1000000.0,-100.0,0.0,True,0,
2026-09-28T01:57:28.514161+00:00,67.3208014999982,3,1000000,160,400,560,1000000.0,-100.0,0.0,True,0,
2026-09-28T01:57:28.731930+00:00,67.53856770001585,3,999990,70,390,460,1000000.0,-100.0,0.0,True,0,
2026-09-28T01:57:28.963503+00:00,67.77013680001255,3,999990,110,400,510,1000000.0,-100.0,0.0,True,0,
2026-09-28T01:57:29.183924+00:00,67.99059419997502,3,999990,90,330,420,1000000.0,-100.0,0.0,True,0,
2026-09-28T01:57:29.404333+00:00,68.21099880000111,3,999990,150,370,520,1000000.0,-100.0,0.0,True,0,
2026-09-28T01:57:29.624613+00:00,68.43126739998115,3,999990,140,480,620,1000000.0,-100.0,0.0,True,0,
2026-09-28T01:57:29.844235+00:00,68.65090349997627,3,999990,130,400,530,1000000.0,-100.0,0.0,True,0,
2026-09-28T01:57:30.064133+00:00,68.87080420000711,3,1000000,150,300,450,1000000.0,-100.0,0.0,True,0,
2026-09-28T01:57:30.282266+00:00,69.08892299997387,3,999990,120,390,510,1000000.0,-100.0,0.0,True,0,
2026-09-28T01:57:30.500669+00:00,69.30732530000387,3,1000000,110,430,540,1000000.0,-100.0,0.0,True,0,
2026-09-28T01:57:30.717809+00:00,69.5244561000145,3,999990,190,310,500,1000000.0,-100.0,0.0,True,0,
2026-09-28T01:57:30.935797+00:00,69.74244970001746,3,999990,140,400,540,1000000.0,-100.0,0.0,True,0,
2026-09-28T01:57:31.154837+00:00,69.96148629998788,3,999990,130,480,610,1000000.0,-100.0,0.0,True,0,
2026-09-28T01:57:31.371557+00:00,70.17820730002131,3,999990,170,420,590,1000000.0,-100.0,0.0,True,0,
2026-09-28T01:57:31.592538+00:00,70.399181100016,3,999990,150,360,510,1000000.0,-100.0,0.0,True,0,
2026-09-28T01:57:31.810891+00:00,70.61749889998464,3,999990,110,370,480,1000000.0,-100.0,0.0,True,0,
2026-09-28T01:57:32.029427+00:00,70.83606760000112,3,1000000,140,400,540,1000000.0,-100.0,0.0,True,0,
2026-09-28T01:57:32.246069+00:00,71.05267000000458,3,999990,110,310,420,1000000.0,-100.0,0.0,True,0,
2026-09-28T01:57:32.477682+00:00,71.28431860002456,3,1000000,90,390,480,1000000.0,-100.0,0.0,True,0,
2026-09-28T01:57:32.696334+00:00,71.50296110002091,3,999990,60,380,440,1000000.0,-100.0,0.0,True,0,
2026-09-28T01:57:32.915759+00:00,71.72238240001025,3,999990,130,350,480,1000000.0,-100.0,0.0,True,0,
2026-09-28T01:57:33.132757+00:00,71.93935639999108,3,999990,110,380,490,1000000.0,-100.0,0.0,True,0,
2026-09-28T01:57:33.351711+00:00,72.15834339999128,3,999990,140,330,470,1000000.0,-100.0,0.0,True,0,
2026-09-28T01:57:33.582875+00:00,72.38952560001053,3,999990,100,390,490,1000000.0,-100.0,0.0,True,0,
2026-09-28T01:57:33.803299+00:00,72.60988609999185,3,999990,160,500,660,1000000.0,-100.0,0.0,True,0,
2026-09-28T01:57:34.022407+00:00,72.82903249998344,3,1000000,120,350,470,1000000.0,-100.0,0.0,True,0,
2026-09-28T01:57:34.241698+00:00,73.04831899999408,3,999990,100,310,410,1000000.0,-100.0,0.0,True,0,
2026-09-28T01:57:34.472726+00:00,73.27933960000519,3,1000000,150,460,610,1000000.0,-100.0,0.0,True,0,
2026-09-28T01:57:34.690542+00:00,73.49715629999992,3,999990,160,480,640,1000000.0,-100.0,0.0,True,0,
2026-09-28T01:57:34.907743+00:00,73.71432199998526,3,999990,110,290,400,1000000.0,-100.0,0.0,True,0,
2026-09-28T01:57:35.128078+00:00,73.93469989998266,3,999990,130,390,520,1000000.0,-100.0,0.0,True,0,
2026-09-28T01:57:35.361410+00:00,74.16802159999497,3,999990,180,410,590,1000000.0,-100.0,0.0,True,0,
2026-09-28T01:57:35.579938+00:00,74.38651929999469,3,999990,140,360,500,1000000.0,-100.0,0.0,True,0,
2026-09-28T01:57:35.797895+00:00,74.60448819998419,3,999990,100,390,490,1000000.0,-100.0,0.0,True,0,
2026-09-28T01:57:36.016462+00:00,74.82307220000075,3,1000000,130,370,500,1000000.0,-100.0,0.0,True,0,
2026-09-28T01:57:36.235245+00:00,75.04183649999322,3,999990,70,360,430,1000000.0,-100.0,0.0,True,0,
2026-09-28T01:57:36.454219+00:00,75.26083250000374,3,999990,160,370,530,1000000.0,-100.0,0.0,True,0,
2026-09-28T01:57:36.671930+00:00,75.47848829999566,3,999990,120,510,630,1000000.0,-100.0,0.0,True,0,
2026-09-28T01:57:36.891463+00:00,75.69802210002672,3,999990,230,340,570,1000000.0,-100.0,0.0,True,0,
2026-09-28T01:57:37.108691+00:00,75.91527529997984,3,999990,90,450,540,1000000.0,-100.0,0.0,True,0,
2026-09-28T01:57:37.340390+00:00,76.14694080001209,3,999990,140,310,450,1000000.0,-100.0,0.0,True,0,
2026-09-28T01:57:37.561951+00:00,76.36849700001767,3,999990,110,340,450,1000000.0,-100.0,0.0,True,0,
2026-09-28T01:57:37.781876+00:00,76.5884504999849,3,999990,150,430,580,1000000.0,-100.0,0.0,True,0,
2026-09-28T01:57:38.014096+00:00,76.82067320001079,3,999990,180,390,570,1000000.0,-100.0,0.0,True,0,
2026-09-28T01:57:38.232361+00:00,77.03894569998374,3,999990,170,390,560,1000000.0,-100.0,0.0,True,0,
2026-09-28T01:57:38.464095+00:00,77.27067619998707,3,1000000,120,370,490,1000000.0,-100.0,0.0,True,0,
2026-09-28T01:57:38.682205+00:00,77.48875650000991,3,999990,130,390,520,1000000.0,-100.0,0.0,True,0,
2026-09-28T01:57:38.901378+00:00,77.70795220002765,3,1000000,190,390,580,1000000.0,-100.0,0.0,True,0,
2026-09-28T01:57:39.118956+00:00,77.92555129999528,3,999990,50,450,500,1000000.0,-100.0,0.0,True,0,
2026-09-28T01:57:39.338734+00:00,78.14530440000817,3,999990,160,380,540,1000000.0,-100.0,0.0,True,0,
2026-09-28T01:57:39.558026+00:00,78.36457660002634,3,999990,150,290,440,1000000.0,-100.0,0.0,True,0,
2026-09-28T01:57:39.792490+00:00,78.59902159997728,3,999990,120,400,520,1000000.0,-100.0,0.0,True,0,
2026-09-28T01:57:40.009472+00:00,78.8160047000274,3,999990,140,390,530,1000000.0,-100.0,0.0,True,0,
2026-09-28T01:57:40.226417+00:00,79.0329700000002,3,999990,180,480,660,1000000.0,-100.0,0.0,True,0,
2026-09-28T01:57:40.444829+00:00,79.25134930002969,3,1000000,100,440,540,1000000.0,-100.0,0.0,True,0,
2026-09-28T01:57:40.677308+00:00,79.48386759997811,3,999990,110,450,560,1000000.0,-100.0,0.0,True,0,
2026-09-28T01:57:40.895935+00:00,79.7024504999863,3,1000000,200,360,560,1000000.0,-100.0,0.0,True,0,
2026-09-28T01:57:41.114203+00:00,79.92076000000816,3,999990,160,400,560,1000000.0,-100.0,0.0,True,0,
2026-09-28T01:57:41.334470+00:00,80.14098199998261,3,999990,270,240,510,1000000.0,-100.0,0.0,True,0,
2026-09-28T01:57:41.552909+00:00,80.35945940000238,3,999990,120,350,470,1000000.0,-100.0,0.0,True,0,
2026-09-28T01:57:41.771312+00:00,80.57785699999658,3,999990,200,360,560,1000000.0,-100.0,0.0,True,0,
2026-09-28T01:57:41.989915+00:00,80.79644310002914,3,999990,170,380,550,1000000.0,-100.0,0.0,True,0,
2026-09-28T01:57:42.207695+00:00,81.01420719997259,3,999990,100,330,430,1000000.0,-100.0,0.0,True,0,
2026-09-28T01:57:42.424588+00:00,81.23112549999496,3,1000000,120,330,450,1000000.0,-100.0,0.0,True,0,
2026-09-28T01:57:42.894774+00:00,81.70127790002152,4,499990,110,290,400,500000.0,-100.0,0.0,True,0,
2026-09-28T01:57:43.112259+00:00,81.91876839997713,4,499990,60,310,370,500000.0,-100.0,0.0,True,0,
2026-09-28T01:57:43.329181+00:00,82.13567450002301,4,500000,90,350,440,500000.0,-100.0,0.0,True,0,
2026-09-28T01:57:43.560258+00:00,82.36674889997812,4,500000,100,250,350,500000.0,-100.0,0.0,True,0,
2026-09-28T01:57:43.780607+00:00,82.58709540002747,4,500000,110,410,520,500000.0,-100.0,0.0,True,0,
2026-09-28T01:57:43.999722+00:00,82.80620769999223,4,500000,40,260,300,500000.0,-100.0,0.0,True,0,
2026-09-28T01:57:44.218687+00:00,83.02517139998963,4,500000,160,340,500,500000.0,-100.0,0.0,True,0,
2026-09-28T01:57:44.437397+00:00,83.24388439999893,4,499990,90,260,350,500000.0,-100.0,0.0,True,0,
2026-09-28T01:57:44.654388+00:00,83.46087060001446,4,499990,120,360,480,500000.0,-100.0,0.0,True,0,
2026-09-28T01:57:44.871848+00:00,83.67832559999079,4,499990,110,360,470,500000.0,-100.0,0.0,True,0,
2026-09-28T01:57:45.088671+00:00,83.89516399998683,4,499990,70,210,280,500000.0,-100.0,0.0,True,0,
2026-09-28T01:57:45.306384+00:00,84.1128651999752,4,500000,100,310,410,500000.0,-100.0,0.0,True,0,
2026-09-28T01:57:45.525402+00:00,84.33190480002668,4,500000,100,350,450,500000.0,-100.0,0.0,True,0,
2026-09-28T01:57:45.745408+00:00,84.5519118999946,4,500000,160,250,410,500000.0,-100.0,0.0,True,0,
2026-09-28T01:57:45.978562+00:00,84.78505589999259,4,500000,140,240,380,500000.0,-100.0,0.0,True,0,
2026-09-28T01:57:46.198709+00:00,85.00521139998455,4,500000,90,350,440,500000.0,-100.0,0.0,True,0,
2026-09-28T01:57:46.430020+00:00,85.23648660001345,4,499990,140,400,540,500000.0,-100.0,0.0,True,0,
2026-09-28T01:57:46.661217+00:00,85.4676820000168,4,499990,140,250,390,500000.0,-100.0,0.0,True,0,
2026-09-28T01:57:46.880029+00:00,85.68652749998728,4,499990,190,430,620,500000.0,-100.0,0.0,True,0,
2026-09-28T01:57:47.099895+00:00,85.90634759998647,4,499990,160,490,650,500000.0,-100.0,0.0,True,0,
2026-09-28T01:57:47.319241+00:00,86.12569150002673,4,500000,150,340,490,500000.0,-100.0,0.0,True,0,
2026-09-28T01:57:47.538594+00:00,86.34507169999415,4,500000,60,330,390,500000.0,-100.0,0.0,True,0,
2026-09-28T01:57:47.769764+00:00,86.57624879997456,4,500000,100,280,380,500000.0,-100.0,0.0,True,0,
2026-09-28T01:57:47.991018+00:00,86.79749030002858,4,500000,150,370,520,500000.0,-100.0,0.0,True,0,
2026-09-28T01:57:48.208837+00:00,87.01527949998854,4,500000,90,260,350,500000.0,-100.0,0.0,True,0,
2026-09-28T01:57:48.426851+00:00,87.23333140002796,4,499990,110,280,390,500000.0,-100.0,0.0,True,0,
2026-09-28T01:57:48.644019+00:00,87.4504952999996,4,499990,160,340,500,500000.0,-100.0,0.0,True,0,
2026-09-28T01:57:48.875408+00:00,87.68187289999332,4,499990,90,380,470,500000.0,-100.0,0.0,True,0,
2026-09-28T01:57:49.092916+00:00,87.89937050000299,4,499990,100,290,390,500000.0,-100.0,0.0,True,0,
2026-09-28T01:57:49.312745+00:00,88.11918620002689,4,500000,70,280,350,500000.0,-100.0,0.0,True,0,
2026-09-28T01:57:49.529415+00:00,88.3358445999911,4,500000,160,350,510,500000.0,-100.0,0.0,True,0,
2026-09-28T01:57:49.749930+00:00,88.55635959998472,4,500000,80,260,340,500000.0,-100.0,0.0,True,0,
2026-09-28T01:57:49.968731+00:00,88.77519389998633,4,500000,70,240,310,500000.0,-100.0,0.0,True,0,
2026-09-28T01:57:50.202709+00:00,89.009149599995,4,500000,110,290,400,500000.0,-100.0,0.0,True,0,
2026-09-28T01:57:50.421351+00:00,89.22779179998906,4,499990,80,320,400,500000.0,-100.0,0.0,True,0,
2026-09-28T01:57:50.640178+00:00,89.44659740000498,4,499990,110,250,360,500000.0,-100.0,0.0,True,0,
2026-09-28T01:57:50.859253+00:00,89.66570369998226,4,500000,120,330,450,500000.0,-100.0,0.0,True,0,
2026-09-28T01:57:51.091256+00:00,89.89770779997343,4,499990,80,360,440,500000.0,-100.0,0.0,True,0,
2026-09-28T01:57:51.310760+00:00,90.11719339998672,4,500000,130,400,530,500000.0,-100.0,0.0,True,0,
2026-09-28T01:57:51.528835+00:00,90.33527350000804,4,500000,120,260,380,500000.0,-100.0,0.0,True,0,
2026-09-28T01:57:51.749517+00:00,90.55595690000337,4,500000,110,320,430,500000.0,-100.0,0.0,True,0,
2026-09-28T01:57:51.984324+00:00,90.79072990000714,4,500000,70,310,380,500000.0,-100.0,0.0,True,0,
2026-09-28T01:57:52.202493+00:00,91.00891350000165,4,500000,90,390,480,500000.0,-100.0,0.0,True,0,
2026-09-28T01:57:52.421661+00:00,91.228080699977,4,499990,120,310,430,500000.0,-100.0,0.0,True,0,
2026-09-28T01:57:52.639539+00:00,91.44593440002063,4,499990,130,420,550,500000.0,-100.0,0.0,True,0,
2026-09-28T01:57:52.871807+00:00,91.67822920001345,4,499990,110,410,520,500000.0,-100.0,0.0,True,0,
2026-09-28T01:57:53.091054+00:00,91.89745099999709,4,499990,70,360,430,500000.0,-100.0,0.0,True,0,
2026-09-28T01:57:53.307358+00:00,92.11375219997717,4,500000,80,360,440,500000.0,-100.0,0.0,True,0,
2026-09-28T01:57:53.537866+00:00,92.34426029998576,4,500000,110,230,340,500000.0,-100.0,0.0,True,0,
2026-09-28T01:57:53.769565+00:00,92.5759698000038,4,500000,110,370,480,500000.0,-100.0,0.0,True,0,
2026-09-28T01:57:53.988084+00:00,92.79451460001292,4,500000,140,250,390,500000.0,-100.0,0.0,True,0,
2026-09-28T01:57:54.205153+00:00,93.0115744000068,4,500000,100,260,360,500000.0,-100.0,0.0,True,0,
2026-09-28T01:57:54.423259+00:00,93.22965110000223,4,499990,120,290,410,500000.0,-100.0,0.0,True,0,
2026-09-28T01:57:54.640641+00:00,93.44705229997635,4,499990,60,370,430,500000.0,-100.0,0.0,True,0,
2026-09-28T01:57:54.857368+00:00,93.66378300002543,4,500000,110,280,390,500000.0,-100.0,0.0,True,0,
2026-09-28T01:57:55.078771+00:00,93.88518480001949,4,499990,80,320,400,500000.0,-100.0,0.0,True,0,
2026-09-28T01:57:55.296761+00:00,94.1031339999754,4,500000,120,300,420,500000.0,-100.0,0.0,True,0,
2026-09-28T01:57:55.514223+00:00,94.32058970001526,4,500000,50,310,360,500000.0,-100.0,0.0,True,0,
2026-09-28T01:57:55.732097+00:00,94.53848079999443,4,500000,80,270,350,500000.0,-100.0,0.0,True,0,
2026-09-28T01:57:55.949684+00:00,94.75605939998059,4,499990,90,290,380,500000.0,-100.0,0.0,True,0,
2026-09-28T01:57:56.181773+00:00,94.98816569999326,4,500000,100,340,440,500000.0,-100.0,0.0,True,0,
2026-09-28T01:57:56.399096+00:00,95.20545720000518,4,499990,110,350,460,500000.0,-100.0,0.0,True,0,
2026-09-28T01:57:56.616737+00:00,95.42312390002189,4,499990,150,290,440,500000.0,-100.0,0.0,True,0,
2026-09-28T01:57:56.836799+00:00,95.64316600002348,4,500000,80,240,320,500000.0,-100.0,0.0,True,0,
2026-09-28T01:57:57.055751+00:00,95.86213080002926,4,500000,170,240,410,500000.0,-100.0,0.0,True,0,
2026-09-28T01:57:57.272503+00:00,96.07887670001946,4,500000,130,310,440,500000.0,-100.0,0.0,True,0,
2026-09-28T01:57:57.491484+00:00,96.29785879998235,4,500000,100,290,390,500000.0,-100.0,0.0,True,0,
2026-09-28T01:57:57.709179+00:00,96.51555950002512,4,500000,110,370,480,500000.0,-100.0,0.0,True,0,
2026-09-28T01:57:57.925392+00:00,96.73174160002964,4,499990,70,250,320,500000.0,-100.0,0.0,True,0,
2026-09-28T01:57:58.146279+00:00,96.95264139998471,4,499990,120,320,440,500000.0,-100.0,0.0,True,0,
2026-09-28T01:57:58.366564+00:00,97.17291550000664,4,499990,80,240,320,500000.0,-100.0,0.0,True,0,
2026-09-28T01:57:58.602175+00:00,97.40851400000975,4,500000,110,220,330,500000.0,-100.0,0.0,True,0,
2026-09-28T01:57:58.821550+00:00,97.62792210001498,4,500000,90,320,410,500000.0,-100.0,0.0,True,0,
2026-09-28T01:57:59.041402+00:00,97.84774479997577,4,500000,100,320,420,500000.0,-100.0,0.0,True,0,
2026-09-28T01:57:59.262035+00:00,98.0683656000183,4,499990,100,260,360,500000.0,-100.0,0.0,True,0,
2026-09-28T01:57:59.506962+00:00,98.31330400001025,4,500000,90,350,440,500000.0,-100.0,0.0,True,0,
2026-09-28T01:57:59.726357+00:00,98.53268260002369,4,499990,60,280,340,500000.0,-100.0,0.0,True,0,
2026-09-28T01:57:59.945297+00:00,98.75165350001771,4,499990,120,410,530,500000.0,-100.0,0.0,True,0,
2026-09-28T01:58:00.163294+00:00,98.9696508999914,4,500000,160,300,460,500000.0,-100.0,0.0,True,0,
2026-09-28T01:58:00.380711+00:00,99.18703410000307,4,499990,90,260,350,500000.0,-100.0,0.0,True,0,
2026-09-28T01:58:00.600733+00:00,99.4070962999831,4,500000,130,290,420,500000.0,-100.0,0.0,True,0,
2026-09-28T01:58:00.832553+00:00,99.63890399999218,4,500000,130,280,410,500000.0,-100.0,0.0,True,0,
2026-09-28T01:58:01.236587+00:00,100.04292680002982,5,751870,130,250,380,751879.6992481203,-100.0,0.0,True,0,
2026-09-28T01:58:01.465293+00:00,100.27160380000714,5,751870,140,470,610,751879.6992481203,-100.0,0.0,True,0,
2026-09-28T01:58:01.682640+00:00,100.48895069997525,5,751870,100,300,400,751879.6992481203,-100.0,0.0,True,0,
2026-09-28T01:58:01.916349+00:00,100.72265900002094,5,751870,60,330,390,751879.6992481203,-100.0,0.0,True,0,
2026-09-28T01:58:02.135788+00:00,100.9420915999799,5,751880,90,260,350,751879.6992481203,-100.0,0.0,True,0,
2026-09-28T01:58:02.355465+00:00,101.1617680999916,5,751870,160,430,590,751879.6992481203,-100.0,0.0,True,0,
2026-09-28T01:58:02.575117+00:00,101.38142270001117,5,751880,80,370,450,751879.6992481203,-100.0,0.0,True,0,
2026-09-28T01:58:02.792051+00:00,101.59835260000546,5,751870,100,390,490,751879.6992481203,-100.0,0.0,True,0,
2026-09-28T01:58:03.009497+00:00,101.81579469999997,5,751870,120,350,470,751879.6992481203,-100.0,0.0,True,0,
2026-09-28T01:58:03.226452+00:00,102.03277809999418,5,751880,70,340,410,751879.6992481203,-100.0,0.0,True,0,
2026-09-28T01:58:03.456405+00:00,102.26269689999754,5,751880,100,350,450,751879.6992481203,-100.0,0.0,True,0,
2026-09-28T01:58:03.686778+00:00,102.49306780000916,5,751880,110,390,500,751879.6992481203,-100.0,0.0,True,0,
2026-09-28T01:58:03.904247+00:00,102.71055339998566,5,751870,70,300,370,751879.6992481203,-100.0,0.0,True,0,
2026-09-28T01:58:04.122583+00:00,102.92886789998738,5,751870,150,350,500,751879.6992481203,-100.0,0.0,True,0,
2026-09-28T01:58:04.352783+00:00,103.15909560001455,5,751870,90,340,430,751879.6992481203,-100.0,0.0,True,0,
2026-09-28T01:58:04.584258+00:00,103.39057679998223,5,751870,180,320,500,751879.6992481203,-100.0,0.0,True,0,
2026-09-28T01:58:04.804489+00:00,103.61080129997572,5,751880,170,360,530,751879.6992481203,-100.0,0.0,True,0,
2026-09-28T01:58:05.021010+00:00,103.82732250000117,5,751870,150,320,470,751879.6992481203,-100.0,0.0,True,0,
2026-09-28T01:58:05.239167+00:00,104.04544080002233,5,751870,100,340,440,751879.6992481203,-100.0,0.0,True,0,
2026-09-28T01:58:05.462027+00:00,104.26833410002291,5,751870,110,320,430,751879.6992481203,-100.0,0.0,True,0,
2026-09-28T01:58:05.679218+00:00,104.4854865000234,5,751870,130,410,540,751879.6992481203,-100.0,0.0,True,0,
2026-09-28T01:58:05.911525+00:00,104.71782139997231,5,751880,120,420,540,751879.6992481203,-100.0,0.0,True,0,
2026-09-28T01:58:06.132609+00:00,104.93890200002352,5,751880,140,340,480,751879.6992481203,-100.0,0.0,True,0,
2026-09-28T01:58:06.350762+00:00,105.15705460001482,5,751870,90,320,410,751879.6992481203,-100.0,0.0,True,0,
2026-09-28T01:58:06.583980+00:00,105.39024109998718,5,751870,160,460,620,751879.6992481203,-100.0,0.0,True,0,
2026-09-28T01:58:06.817445+00:00,105.62373920000391,5,751870,190,400,590,751879.6992481203,-100.0,0.0,True,0,
2026-09-28T01:58:07.035907+00:00,105.84216429997468,5,751880,140,340,480,751879.6992481203,-100.0,0.0,True,0,
2026-09-28T01:58:07.253014+00:00,106.05930339999031,5,751880,130,340,470,751879.6992481203,-100.0,0.0,True,0,
2026-09-28T01:58:07.470138+00:00,106.27643359999638,5,751880,110,310,420,751879.6992481203,-100.0,0.0,True,0,
2026-09-28T01:58:07.689028+00:00,106.4952759000007,5,751870,110,370,480,751879.6992481203,-100.0,0.0,True,0,
2026-09-28T01:58:07.909407+00:00,106.71565420000115,5,751870,130,330,460,751879.6992481203,-100.0,0.0,True,0,
2026-09-28T01:58:08.127683+00:00,106.93392610002775,5,751870,100,340,440,751879.6992481203,-100.0,0.0,True,0,
2026-09-28T01:58:08.345707+00:00,107.15196659998037,5,751880,130,430,560,751879.6992481203,-100.0,0.0,True,0,
2026-09-28T01:58:08.577337+00:00,107.38361080002505,5,751880,110,410,520,751879.6992481203,-100.0,0.0,True,0,
2026-09-28T01:58:08.795753+00:00,107.60202490002848,5,751870,130,420,550,751879.6992481203,-100.0,0.0,True,0,
2026-09-28T01:58:09.042251+00:00,107.84848679997958,5,751870,90,480,570,751879.6992481203,-100.0,0.0,True,0,
2026-09-28T01:58:09.260830+00:00,108.06706229998963,5,751870,80,350,430,751879.6992481203,-100.0,0.0,True,0,
2026-09-28T01:58:09.493311+00:00,108.29958739998983,5,751870,100,240,340,751879.6992481203,-100.0,0.0,True,0,
2026-09-28T01:58:09.714189+00:00,108.52045599999838,5,751880,120,400,520,751879.6992481203,-100.0,0.0,True,0,
2026-09-28T01:58:09.932228+00:00,108.73848880000878,5,751880,200,350,550,751879.6992481203,-100.0,0.0,True,0,
2026-09-28T01:58:10.150294+00:00,108.95651879999787,5,751870,120,370,490,751879.6992481203,-100.0,0.0,True,0,
2026-09-28T01:58:10.367582+00:00,109.1738389999955,5,751870,180,400,580,751879.6992481203,-100.0,0.0,True,0,
2026-09-28T01:58:10.585513+00:00,109.39175469998736,5,751870,90,280,370,751879.6992481203,-100.0,0.0,True,0,
2026-09-28T01:58:10.804288+00:00,109.6105133999954,5,751870,100,320,420,751879.6992481203,-100.0,0.0,True,0,
2026-09-28T01:58:11.021211+00:00,109.82744239998283,5,751880,110,320,430,751879.6992481203,-100.0,0.0,True,0,
2026-09-28T01:58:11.238635+00:00,110.04488489998039,5,751870,110,340,450,751879.6992481203,-100.0,0.0,True,0,
2026-09-28T01:58:11.458639+00:00,110.26487579999957,5,751870,100,480,580,751879.6992481203,-100.0,0.0,True,0,
2026-09-28T01:58:11.675835+00:00,110.48205990000861,5,751870,160,290,450,751879.6992481203,-100.0,0.0,True,0,
2026-09-28T01:58:11.896877+00:00,110.70310270000482,5,751870,90,390,480,751879.6992481203,-100.0,0.0,True,0,
2026-09-28T01:58:12.118138+00:00,110.92438219999894,5,751880,100,370,470,751879.6992481203,-100.0,0.0,True,0,
2026-09-28T01:58:12.334745+00:00,111.14097270002821,5,751870,120,390,510,751879.6992481203,-100.0,0.0,True,0,
2026-09-28T01:58:12.551823+00:00,111.35802039998816,5,751870,140,410,550,751879.6992481203,-100.0,0.0,True,0,
2026-09-28T01:58:12.783875+00:00,111.59009850001894,5,751870,160,280,440,751879.6992481203,-100.0,0.0,True,0,
2026-09-28T01:58:13.002878+00:00,111.80911209998885,5,751870,70,230,300,751879.6992481203,-100.0,0.0,True,0,
2026-09-28T01:58:13.220172+00:00,112.02640789997531,5,751880,130,450,580,751879.6992481203,-100.0,0.0,True,0,
2026-09-28T01:58:13.436884+00:00,112.24307530000806,5,751880,80,320,400,751879.6992481203,-100.0,0.0,True,0,
2026-09-28T01:58:13.683360+00:00,112.4895497999969,5,751880,140,350,490,751879.6992481203,-100.0,0.0,True,0,
2026-09-28T01:58:13.915320+00:00,112.72154649998993,5,751870,170,430,600,751879.6992481203,-100.0,0.0,True,0,
2026-09-28T01:58:14.135674+00:00,112.9418973000138,5,751870,100,330,430,751879.6992481203,-100.0,0.0,True,0,
2026-09-28T01:58:14.353908+00:00,113.16008659999352,5,751880,160,380,540,751879.6992481203,-100.0,0.0,True,0,
2026-09-28T01:58:14.573559+00:00,113.37973729998339,5,751870,80,300,380,751879.6992481203,-100.0,0.0,True,0,
2026-09-28T01:58:14.791728+00:00,113.59794619999593,5,751880,140,330,470,751879.6992481203,-100.0,0.0,True,0,
2026-09-28T01:58:15.012512+00:00,113.81868889997713,5,751870,180,300,480,751879.6992481203,-100.0,0.0,True,0,
2026-09-28T01:58:15.231094+00:00,114.03729369997745,5,751870,120,320,440,751879.6992481203,-100.0,0.0,True,0,
2026-09-28T01:58:15.447845+00:00,114.2540457000141,5,751870,110,240,350,751879.6992481203,-100.0,0.0,True,0,
2026-09-28T01:58:15.665790+00:00,114.47197800001595,5,751880,150,330,480,751879.6992481203,-100.0,0.0,True,0,
2026-09-28T01:58:15.885996+00:00,114.69218229997205,5,751880,190,320,510,751879.6992481203,-100.0,0.0,True,0,
2026-09-28T01:58:16.104049+00:00,114.91021080000792,5,751870,120,330,450,751879.6992481203,-100.0,0.0,True,0,
2026-09-28T01:58:16.321474+00:00,115.1276671999949,5,751870,150,290,440,751879.6992481203,-100.0,0.0,True,0,
2026-09-28T01:58:16.540647+00:00,115.34684880002169,5,751870,170,450,620,751879.6992481203,-100.0,0.0,True,0,
2026-09-28T01:58:16.758996+00:00,115.56516499997815,5,751880,130,340,470,751879.6992481203,-100.0,0.0,True,0,
2026-09-28T01:58:16.976607+00:00,115.78276480000932,5,751880,190,310,500,751879.6992481203,-100.0,0.0,True,0,
2026-09-28T01:58:17.193917+00:00,116.00009380001575,5,751880,100,320,420,751879.6992481203,-100.0,0.0,True,0,
2026-09-28T01:58:17.412137+00:00,116.21828769997228,5,751870,160,470,630,751879.6992481203,-100.0,0.0,True,0,
2026-09-28T01:58:17.630524+00:00,116.43669180001598,5,751870,80,290,370,751879.6992481203,-100.0,0.0,True,0,
2026-09-28T01:58:17.848979+00:00,116.65517869999167,5,751880,120,470,590,751879.6992481203,-100.0,0.0,True,0,
2026-09-28T01:58:18.068071+00:00,116.87421490001725,5,751870,90,390,480,751879.6992481203,-100.0,0.0,True,0,
2026-09-28T01:58:18.288095+00:00,117.09426260000328,5,751880,110,430,540,751879.6992481203,-100.0,0.0,True,0,
2026-09-28T01:58:18.505062+00:00,117.3112210999825,5,751870,150,450,600,751879.6992481203,-100.0,0.0,True,0,
2026-09-28T01:58:18.722940+00:00,117.52907530002994,5,751870,110,320,430,751879.6992481203,-100.0,0.0,True,0,
2026-09-28T01:58:18.943288+00:00,117.74946889997227,5,751880,110,290,400,751879.6992481203,-100.0,0.0,True,0,
2026-09-28T01:58:19.175949+00:00,117.98211719997926,5,751870,120,520,640,751879.6992481203,-100.0,0.0,True,0,
2026-09-28T01:58:19.408429+00:00,118.2145668999874,5,751880,170,320,490,751879.6992481203,-100.0,0.0,True,0,
2026-09-28T01:58:19.640473+00:00,118.44660259998636,5,751870,120,330,450,751879.6992481203,-100.0,0.0,True,0,
2026-09-28T01:58:19.859680+00:00,118.66582090000156,5,751870,110,450,560,751879.6992481203,-100.0,0.0,True,0,
2026-09-28T01:58:20.078632+00:00,118.88483019999694,5,751870,160,360,520,751879.6992481203,-100.0,0.0,True,0,
2026-09-28T01:58:20.314033+00:00,119.12020070001017,5,751870,160,420,580,751879.6992481203,-100.0,0.0,True,0,
2026-09-28T01:58:20.532472+00:00,119.33859950001352,5,751880,160,370,530,751879.6992481203,-100.0,0.0,True,0,
2026-09-28T01:58:20.750649+00:00,119.55679419997614,5,751870,90,350,440,751879.6992481203,-100.0,0.0,True,0,
2026-09-28T01:58:20.969626+00:00,119.77574389998335,5,751880,110,420,530,751879.6992481203,-100.0,0.0,True,0,
2026-09-28T01:58:21.187922+00:00,119.99410970002646,5,751870,200,400,600,751879.6992481203,-100.0,0.0,True,0,
2026-09-28T01:58:21.421632+00:00,120.22777739999583,5,751870,70,360,430,751879.6992481203,-100.0,0.0,True,0,
2026-09-28T01:58:21.653997+00:00,120.4601290000137,5,751880,110,470,580,751879.6992481203,-100.0,0.0,True,0,
2026-09-28T01:58:21.888313+00:00,120.69446089997655,5,751870,120,380,500,751879.6992481203,-100.0,0.0,True,0,
2026-09-28T01:58:22.107441+00:00,120.91356180002913,5,751880,110,350,460,751879.6992481203,-100.0,0.0,True,0,
2026-09-28T01:58:22.327991+00:00,121.1341126000043,5,751870,170,450,620,751879.6992481203,-100.0,0.0,True,0,
2026-09-28T01:58:22.546351+00:00,121.35247679997701,5,751870,120,400,520,751879.6992481203,-100.0,0.0,True,0,
2026-09-28T01:58:22.764289+00:00,121.5704107999918,5,751870,130,430,560,751879.6992481203,-100.0,0.0,True,0,
2026-09-28T01:58:22.982653+00:00,121.78877689997898,5,751870,120,330,450,751879.6992481203,-100.0,0.0,True,0,
2026-09-28T01:58:23.200014+00:00,122.00613940000767,5,751880,160,370,530,751879.6992481203,-100.0,0.0,True,0,
2026-09-28T01:58:23.417910+00:00,122.22399829997448,5,751870,110,390,500,751879.6992481203,-100.0,0.0,True,0,
2026-09-28T01:58:23.634454+00:00,122.44056499999715,5,751870,110,320,430,751879.6992481203,-100.0,0.0,True,0,
2026-09-28T01:58:23.853041+00:00,122.65912430000026,5,751870,100,340,440,751879.6992481203,-100.0,0.0,True,0,
2026-09-28T01:58:24.070964+00:00,122.8770742000197,5,751870,150,400,550,751879.6992481203,-100.0,0.0,True,0,
2026-09-28T01:58:24.289404+00:00,123.09551429998828,5,751880,120,280,400,751879.6992481203,-100.0,0.0,True,0,
2026-09-28T01:58:24.507126+00:00,123.31323179998435,5,751880,120,350,470,751879.6992481203,-100.0,0.0,True,0,
2026-09-28T01:58:24.724598+00:00,123.53067250002641,5,751870,150,370,520,751879.6992481203,-100.0,0.0,True,0,
2026-09-28T01:58:24.942665+00:00,123.74873900000239,5,751870,140,440,580,751879.6992481203,-100.0,0.0,True,0,
2026-09-28T01:58:25.161825+00:00,123.96792460000142,5,751880,70,310,380,751879.6992481203,-100.0,0.0,True,0,
2026-09-28T01:58:25.379724+00:00,124.18583059997763,5,751870,130,470,600,751879.6992481203,-100.0,0.0,True,0,
2026-09-28T01:58:25.598744+00:00,124.40483979997225,5,751880,160,440,600,751879.6992481203,-100.0,0.0,True,0,
2026-09-28T01:58:25.819077+00:00,124.62514269998064,5,751870,90,360,450,751879.6992481203,-100.0,0.0,True,0,
2026-09-28T01:58:26.051866+00:00,124.85796360002132,5,751870,140,380,520,751879.6992481203,-100.0,0.0,True,0,
2026-09-28T01:58:26.270868+00:00,125.07697059999919,5,751870,200,420,620,751879.6992481203,-100.0,0.0,True,0,
2026-09-28T01:58:26.490546+00:00,125.29660519998288,5,751870,100,380,480,751879.6992481203,-100.0,0.0,True,0,
2026-09-28T01:58:26.723198+00:00,125.52929600002244,5,751880,130,360,490,751879.6992481203,-100.0,0.0,True,0,
2026-09-28T01:58:26.941849+00:00,125.7479433999979,5,751870,110,370,480,751879.6992481203,-100.0,0.0,True,0,
2026-09-28T01:58:27.174753+00:00,125.98084309999831,5,751880,180,460,640,751879.6992481203,-100.0,0.0,True,0,
2026-09-28T01:58:27.392235+00:00,126.19830230000662,5,751870,100,360,460,751879.6992481203,-100.0,0.0,True,0,
2026-09-28T01:58:27.624289+00:00,126.43037050002022,5,751870,100,380,480,751879.6992481203,-100.0,0.0,True,0,
2026-09-28T01:58:27.841696+00:00,126.64791810000315,5,751880,130,350,480,751879.6992481203,-100.0,0.0,True,0,
2026-09-28T01:58:28.060665+00:00,126.86674829997355,5,751880,70,300,370,751879.6992481203,-100.0,0.0,True,0,
2026-09-28T01:58:28.277334+00:00,127.08337890001712,5,751880,100,400,500,751879.6992481203,-100.0,0.0,True,0,
2026-09-28T01:58:28.498041+00:00,127.3041037999792,5,751870,160,380,540,751879.6992481203,-100.0,0.0,True,0,
2026-09-28T01:58:28.716162+00:00,127.52222599997185,5,751870,120,410,530,751879.6992481203,-100.0,0.0,True,0,
2026-09-28T01:58:28.933652+00:00,127.73969369998667,5,751870,100,300,400,751879.6992481203,-100.0,0.0,True,0,
2026-09-28T01:58:29.151175+00:00,127.95721060002688,5,751880,120,270,390,751879.6992481203,-100.0,0.0,True,0,
2026-09-28T01:58:29.371130+00:00,128.17720049998024,5,751880,140,410,550,751879.6992481203,-100.0,0.0,True,0,
2026-09-28T01:58:29.588289+00:00,128.3943354000221,5,751870,130,420,550,751879.6992481203,-100.0,0.0,True,0,
2026-09-28T01:58:29.819906+00:00,128.62593420001213,5,751870,140,330,470,751879.6992481203,-100.0,0.0,True,0,
2026-09-28T01:58:30.040211+00:00,128.8462361000129,5,751870,140,360,500,751879.6992481203,-100.0,0.0,True,0,
2026-09-28T01:58:30.257690+00:00,129.0637155000004,5,751880,200,390,590,751879.6992481203,-100.0,0.0,True,0,
2026-09-28T01:58:30.475253+00:00,129.2812834000215,5,751880,90,390,480,751879.6992481203,-100.0,0.0,True,0,
2026-09-28T01:58:30.694700+00:00,129.50072539999383,5,751880,160,390,550,751879.6992481203,-100.0,0.0,True,0,
2026-09-28T01:58:30.926690+00:00,129.73274200002197,5,751870,150,320,470,751879.6992481203,-100.0,0.0,True,0,
2026-09-28T01:58:31.145477+00:00,129.9515415999922,5,751870,130,450,580,751879.6992481203,-100.0,0.0,True,0,
2026-09-28T01:58:31.365426+00:00,130.17145259998506,5,751880,190,330,520,751879.6992481203,-100.0,0.0,True,0,
2026-09-28T01:58:31.582339+00:00,130.3883458999917,5,751880,100,310,410,751879.6992481203,-100.0,0.0,True,0,
2026-09-28T01:58:31.800651+00:00,130.60668460000306,5,751880,70,380,450,751879.6992481203,-100.0,0.0,True,0,
2026-09-28T01:58:32.019763+00:00,130.8257684999844,5,751870,170,300,470,751879.6992481203,-100.0,0.0,True,0,
2026-09-28T01:58:32.238813+00:00,131.0448417000007,5,751870,170,380,550,751879.6992481203,-100.0,0.0,True,0,
2026-09-28T01:58:32.457405+00:00,131.2634194000275,5,751880,120,450,570,751879.6992481203,-100.0,0.0,True,0,
2026-09-28T01:58:32.676291+00:00,131.48231280001346,5,751870,80,340,420,751879.6992481203,-100.0,0.0,True,0,
2026-09-28T01:58:32.894260+00:00,131.70027610001853,5,751880,160,360,520,751879.6992481203,-100.0,0.0,True,0,
2026-09-28T01:58:33.125609+00:00,131.93160399998305,5,751870,80,360,440,751879.6992481203,-100.0,0.0,True,0,
2026-09-28T01:58:33.344259+00:00,132.15027709997958,5,751870,160,400,560,751879.6992481203,-100.0,0.0,True,0,
2026-09-28T01:58:33.563268+00:00,132.36928169999737,5,751870,100,410,510,751879.6992481203,-100.0,0.0,True,0,
2026-09-28T01:58:33.779621+00:00,132.58562169998186,5,751870,80,330,410,751879.6992481203,-100.0,0.0,True,0,
2026-09-28T01:58:33.995563+00:00,132.80157339997822,5,751880,150,370,520,751879.6992481203,-100.0,0.0,True,0,
2026-09-28T01:58:34.241043+00:00,133.04702719999477,5,751870,110,280,390,751879.6992481203,-100.0,0.0,True,0,
2026-09-28T01:58:34.459717+00:00,133.26570490002632,5,751870,120,330,450,751879.6992481203,-100.0,0.0,True,0,
2026-09-28T01:58:34.678831+00:00,133.4848238999839,5,751870,200,380,580,751879.6992481203,-100.0,0.0,True,0,
2026-09-28T01:58:34.896220+00:00,133.70221830002265,5,751870,120,380,500,751879.6992481203,-100.0,0.0,True,0,
2026-09-28T01:58:35.118524+00:00,133.92452250001952,5,751880,110,410,520,751879.6992481203,-100.0,0.0,True,0,
2026-09-28T01:58:35.348213+00:00,134.15418710000813,5,751880,150,260,410,751879.6992481203,-100.0,0.0,True,0,
2026-09-28T01:58:35.566457+00:00,134.37242889998015,5,751880,180,380,560,751879.6992481203,-100.0,0.0,True,0,
2026-09-28T01:58:35.784636+00:00,134.59063380002044,5,751870,120,390,510,751879.6992481203,-100.0,0.0,True,0,
2026-09-28T01:58:36.003543+00:00,134.80953700002283,5,751870,110,380,490,751879.6992481203,-100.0,0.0,True,0,
2026-09-28T01:58:36.220904+00:00,135.02687240001978,5,751880,200,440,640,751879.6992481203,-100.0,0.0,True,0,
2026-09-28T01:58:36.439354+00:00,135.24537359998794,5,751880,170,320,490,751879.6992481203,-100.0,0.0,True,0,
2026-09-28T01:58:36.659534+00:00,135.46552219998557,5,751870,100,450,550,751879.6992481203,-100.0,0.0,True,0,
2026-09-28T01:58:36.878995+00:00,135.684952599986,5,751870,290,240,530,751879.6992481203,-100.0,0.0,True,0,
2026-09-28T01:58:37.095755+00:00,135.90170739998575,5,751870,130,320,450,751879.6992481203,-100.0,0.0,True,0,
2026-09-28T01:58:37.313641+00:00,136.11963279999327,5,751870,150,330,480,751879.6992481203,-100.0,0.0,True,0,
2026-09-28T01:58:37.544418+00:00,136.3503951000166,5,751880,110,260,370,751879.6992481203,-100.0,0.0,True,0,
2026-09-28T01:58:37.763345+00:00,136.56929499999387,5,751870,120,240,360,751879.6992481203,-100.0,0.0,True,0,
2026-09-28T01:58:37.995750+00:00,136.80169779999414,5,751870,120,340,460,751879.6992481203,-100.0,0.0,True,0,
2026-09-28T01:58:38.214491+00:00,137.02047440002207,5,751870,130,300,430,751879.6992481203,-100.0,0.0,True,0,
2026-09-28T01:58:38.432717+00:00,137.2386717000045,5,751870,100,450,550,751879.6992481203,-100.0,0.0,True,0,
2026-09-28T01:58:38.652152+00:00,137.45811639999738,5,751880,110,430,540,751879.6992481203,-100.0,0.0,True,0,
2026-09-28T01:58:38.871011+00:00,137.67698370001744,5,751880,140,330,470,751879.6992481203,-100.0,0.0,True,0,
2026-09-28T01:58:39.089448+00:00,137.89542389998678,5,751880,160,470,630,751879.6992481203,-100.0,0.0,True,0,
2026-09-28T01:58:39.336048+00:00,138.1420202999725,5,751870,230,270,500,751879.6992481203,-100.0,0.0,True,0,
2026-09-28T01:58:39.552733+00:00,138.3586634999956,5,751870,100,400,500,751879.6992481203,-100.0,0.0,True,0,
2026-09-28T01:58:39.771959+00:00,138.57792599999812,5,751870,110,300,410,751879.6992481203,-100.0,0.0,True,0,
2026-09-28T01:58:39.991940+00:00,138.7979397000163,5,751870,120,220,340,751879.6992481203,-100.0,0.0,True,0,
2026-09-28T01:58:40.213046+00:00,139.01900359999854,5,751880,80,350,430,751879.6992481203,-100.0,0.0,True,0,
2026-09-28T01:58:40.430600+00:00,139.23652179999044,5,751870,150,440,590,751879.6992481203,-100.0,0.0,True,0,
2026-09-28T01:58:40.651210+00:00,139.45712759997696,5,751870,150,420,570,751879.6992481203,-100.0,0.0,True,0,
2026-09-28T01:58:40.870154+00:00,139.67609409999568,5,751870,110,300,410,751879.6992481203,-100.0,0.0,True,0,
2026-09-28T01:58:41.089225+00:00,139.89526979997754,5,751870,50,300,350,751879.6992481203,-100.0,0.0,True,0,
2026-09-28T01:58:41.307811+00:00,140.1137643000111,5,751880,130,400,530,751879.6992481203,-100.0,0.0,True,0,
