lag_center_ns,raw_pair_count
-2499.000,0
-2497.000,0
-2495.000,0
-2493.000,0
-2491.000,0
-2489.000,0
-2487.000,0
-2485.000,0
-2483.000,0
-2481.000,0
-2479.000,0
-2477.000,0
-2475.000,0
-2473.000,0
-2471.000,0
-2469.000,0
-2467.000,0
-2465.000,0
-2463.000,0
-2461.000,0
-2459.000,0
-2457.000,0
-2455.000,0
-2453.000,0
-2451.000,0
-2449.000,0
-2447.000,0
-2445.000,0
-2443.000,0
-2441.000,0
-2439.000,0
-2437.000,0
-2435.000,0
-2433.000,0
-2431.000,0
-2429.000,0
-2427.000,0
-2425.000,0
-2423.000,0
-2421.000,0
-2419.000,0
-2417.000,0
-2415.000,0
-2413.000,0
-2411.000,0
-2409.000,0
-2407.000,0
-2405.000,0
-2403.000,0
-2401.000,0
-2399.000,0
-2397.000,0
-2395.000,0
-2393.000,0
-2391.000,0
-2389.000,0
-2387.000,0
-2385.000,0
-2383.000,0
-2381.000,0
-2379.000,0
-2377.000,0
-2375.000,0
-2373.000,0
-2371.000,0
-2369.000,0
-2367.000,0
-2365.000,0
-2363.000,0
-2361.000,0
-2359.000,0
-2357.000,0
-2355.000,0
-2353.000,0
-2351.000,0
-2349.000,0
-2347.000,0
-2345.000,0
-2343.000,0
-2341.000,0
-2339.000,0
-2337.000,0
-2335.000,0
-2333.000,0
-2331.000,0
-2329.000,0
-2327.000,0
-2325.000,0
-2323.000,0
-2321.000,0
-2319.000,0
-2317.000,0
-2315.000,0
-2313.000,0
-2311.000,0
-2309.000,0
-2307.000,0
-2305.000,0
-2303.000,0
-2301.000,0
-2299.000,0
-2297.000,0
-2295.000,0
-2293.000,0
-2291.000,0
-2289.000,0
-2287.000,0
-2285.000,0
-2283.000,0
-2281.000,0
-2279.000,0
-2277.000,0
-2275.000,0
-2273.000,0
-2271.000,0
-2269.000,0
-2267.000,0
-2265.000,0
-2263.000,0
-2261.000,0
-2259.000,0
-2257.000,0
-2255.000,0
-2253.000,0
-2251.000,0
-2249.000,0
-2247.000,0
-2245.000,0
-2243.000,0
-2241.000,0
-2239.000,0
-2237.000,0
-2235.000,0
-2233.000,0
-2231.000,0
-2229.000,0
-2227.000,0
-2225.000,0
-2223.000,0
-2221.000,0
-2219.000,0
-2217.000,0
-2215.000,0
-2213.000,0
-2211.000,0
-2209.000,0
-2207.000,0
-2205.000,0
-2203.000,0
-2201.000,0
-2199.000,0
-2197.000,0
-2195.000,0
-2193.000,0
-2191.000,0
-2189.000,0
-2187.000,0
-2185.000,0
-2183.000,0
-2181.000,0
-2179.000,0
-2177.000,0
-2175.000,0
-2173.000,0
-2171.000,0
-2169.000,0
-2167.000,0
-2165.000,0
-2163.000,0
-2161.000,0
-2159.000,0
-2157.000,0
-2155.000,0
-2153.000,0
-2151.000,0
-2149.000,0
-2147.000,0
-2145.000,0
-2143.000,0
-2141.000,0
-2139.000,0
-2137.000,0
-2135.000,0
-2133.000,0
-2131.000,0
-2129.000,0
-2127.000,0
-2125.000,0
-2123.000,0
-2121.000,0
-2119.000,0
-2117.000,0
-2115.000,0
-2113.000,0
-2111.000,0
-2109.000,0
-2107.000,0
-2105.000,0
-2103.000,0
-2101.000,0
-2099.000,0
-2097.000,0
-2095.000,0
-2093.000,0
-2091.000,0
-2089.000,0
-2087.000,0
-2085.000,0
-2083.000,0
-2081.000,0
-2079.000,0
-2077.000,0
-2075.000,0
-2073.000,0
-2071.000,0
-2069.000,0
-2067.000,0
-2065.000,0
-2063.000,0
-2061.000,0
-2059.000,0
-2057.000,0
-2055.000,0
-2053.000,0
-2051.000,0
-2049.000,0
-2047.000,0
-2045.000,0
-2043.000,0
-2041.000,0
-2039.000,0
-2037.000,0
-2035.000,0
-2033.000,0
-2031.000,0
-2029.000,0
-2027.000,0
-2025.000,0
-2023.000,0
-2021.000,0
-2019.000,0
-2017.000,0
-2015.000,0
-2013.000,0
-2011.000,0
-2009.000,0
-2007.000,0
-2005.000,0
-2003.000,0
-2001.000,0
-1999.000,0
-1997.000,0
-1995.000,0
-1993.000,0
-1991.000,0
-1989.000,0
-1987.000,0
-1985.000,0
-1983.000,0
-1981.000,0
-1979.000,0
-1977.000,0
-1975.000,0
-1973.000,0
-1971.000,0
-1969.000,0
-1967.000,0
-1965.000,0
-1963.000,0
-1961.000,0
-1959.000,0
-1957.000,0
-1955.000,0
-1953.000,0
-1951.000,0
-1949.000,0
-1947.000,0
-1945.000,0
-1943.000,0
-1941.000,0
-1939.000,0
-1937.000,0
-1935.000,0
-1933.000,0
-1931.000,0
-1929.000,0
-1927.000,0
-1925.000,0
-1923.000,0
-1921.000,0
-1919.000,0
-1917.000,0
-1915.000,0
-1913.000,0
-1911.000,0
-1909.000,0
-1907.000,0
-1905.000,0
-1903.000,0
-1901.000,0
-1899.000,0
-1897.000,0
-1895.000,0
-1893.000,0
-1891.000,0
-1889.000,0
-1887.000,0
-1885.000,0
-1883.000,0
-1881.000,0
-1879.000,0
-1877.000,0
-1875.000,0
-1873.000,0
-1871.000,0
-1869.000,0
-1867.000,0
-1865.000,0
-1863.000,0
-1861.000,0
-1859.000,0
-1857.000,0
-1855.000,0
-1853.000,0
-1851.000,0
-1849.000,0
-1847.000,0
-1845.000,0
-1843.000,0
-1841.000,0
-1839.000,0
-1837.000,0
-1835.000,0
-1833.000,0
-1831.000,0
-1829.000,0
-1827.000,0
-1825.000,0
-1823.000,0
-1821.000,1
-1819.000,0
-1817.000,0
-1815.000,1
-1813.000,0
-1811.000,0
-1809.000,0
-1807.000,0
-1805.000,1
-1803.000,0
-1801.000,0
-1799.000,0
-1797.000,0
-1795.000,0
-1793.000,0
-1791.000,0
-1789.000,0
-1787.000,0
-1785.000,0
-1783.000,0
-1781.000,0
-1779.000,0
-1777.000,0
-1775.000,0
-1773.000,0
-1771.000,0
-1769.000,0
-1767.000,0
-1765.000,0
-1763.000,0
-1761.000,0
-1759.000,0
-1757.000,0
-1755.000,0
-1753.000,0
-1751.000,0
-1749.000,0
-1747.000,0
-1745.000,0
-1743.000,0
-1741.000,0
-1739.000,0
-1737.000,0
-1735.000,0
-1733.000,0
-1731.000,0
-1729.000,0
-1727.000,0
-1725.000,0
-1723.000,0
-1721.000,0
-1719.000,0
-1717.000,0
-1715.000,0
-1713.000,0
-1711.000,0
-1709.000,0
-1707.000,0
-1705.000,0
-1703.000,0
-1701.000,0
-1699.000,0
-1697.000,0
-1695.000,0
-1693.000,0
-1691.000,0
-1689.000,0
-1687.000,0
-1685.000,0
-1683.000,0
-1681.000,0
-1679.000,0
-1677.000,0
-1675.000,0
-1673.000,0
-1671.000,0
-1669.000,0
-1667.000,0
-1665.000,0
-1663.000,0
-1661.000,0
-1659.000,0
-1657.000,0
-1655.000,0
-1653.000,0
-1651.000,0
-1649.000,0
-1647.000,0
-1645.000,0
-1643.000,0
-1641.000,0
-1639.000,0
-1637.000,0
-1635.000,0
-1633.000,0
-1631.000,0
-1629.000,0
-1627.000,0
-1625.000,0
-1623.000,0
-1621.000,0
-1619.000,0
-1617.000,0
-1615.000,0
-1613.000,0
-1611.000,0
-1609.000,0
-1607.000,0
-1605.000,0
-1603.000,0
-1601.000,0
-1599.000,0
-1597.000,0
-1595.000,0
-1593.000,0
-1591.000,0
-1589.000,0
-1587.000,0
-1585.000,0
-1583.000,0
-1581.000,0
-1579.000,0
-1577.000,0
-1575.000,0
-1573.000,0
-1571.000,0
-1569.000,0
-1567.000,0
-1565.000,0
-1563.000,0
-1561.000,0
-1559.000,0
-1557.000,0
-1555.000,0
-1553.000,0
-1551.000,0
-1549.000,0
-1547.000,0
-1545.000,0
-1543.000,0
-1541.000,0
-1539.000,0
-1537.000,0
-1535.000,0
-1533.000,0
-1531.000,0
-1529.000,0
-1527.000,0
-1525.000,0
-1523.000,0
-1521.000,0
-1519.000,0
-1517.000,0
-1515.000,0
-1513.000,0
-1511.000,0
-1509.000,0
-1507.000,0
-1505.000,0
-1503.000,0
-1501.000,0
-1499.000,0
-1497.000,0
-1495.000,0
-1493.000,0
-1491.000,0
-1489.000,0
-1487.000,0
-1485.000,0
-1483.000,0
-1481.000,0
-1479.000,0
-1477.000,0
-1475.000,0
-1473.000,0
-1471.000,0
-1469.000,0
-1467.000,0
-1465.000,0
-1463.000,0
-1461.000,0
-1459.000,0
-1457.000,0
-1455.000,0
-1453.000,0
-1451.000,0
-1449.000,0
-1447.000,0
-1445.000,0
-1443.000,0
-1441.000,0
-1439.000,0
-1437.000,0
-1435.000,0
-1433.000,0
-1431.000,0
-1429.000,0
-1427.000,0
-1425.000,0
-1423.000,0
-1421.000,0
-1419.000,0
-1417.000,0
-1415.000,0
-1413.000,0
-1411.000,0
-1409.000,0
-1407.000,0
-1405.000,0
-1403.000,0
-1401.000,0
-1399.000,0
-1397.000,0
-1395.000,0
-1393.000,0
-1391.000,0
-1389.000,0
-1387.000,0
-1385.000,0
-1383.000,0
-1381.000,0
-1379.000,0
-1377.000,0
-1375.000,0
-1373.000,0
-1371.000,0
-1369.000,0
-1367.000,0
-1365.000,0
-1363.000,0
-1361.000,0
-1359.000,0
-1357.000,0
-1355.000,0
-1353.000,0
-1351.000,0
-1349.000,0
-1347.000,1
-1345.000,0
-1343.000,0
-1341.000,1
-1339.000,0
-1337.000,0
-1335.000,0
-1333.000,0
-1331.000,1
-1329.000,0
-1327.000,0
-1325.000,0
-1323.000,0
-1321.000,0
-1319.000,0
-1317.000,0
-1315.000,0
-1313.000,0
-1311.000,0
-1309.000,0
-1307.000,0
-1305.000,0
-1303.000,0
-1301.000,0
-1299.000,0
-1297.000,0
-1295.000,0
-1293.000,0
-1291.000,0
-1289.000,0
-1287.000,0
-1285.000,0
-1283.000,0
-1281.000,0
-1279.000,0
-1277.000,0
-1275.000,0
-1273.000,0
-1271.000,0
-1269.000,0
-1267.000,0
-1265.000,0
-1263.000,0
-1261.000,0
-1259.000,0
-1257.000,0
-1255.000,0
-1253.000,0
-1251.000,0
-1249.000,0
-1247.000,0
-1245.000,0
-1243.000,0
-1241.000,0
-1239.000,0
-1237.000,0
-1235.000,0
-1233.000,0
-1231.000,0
-1229.000,0
-1227.000,0
-1225.000,0
-1223.000,0
-1221.000,0
-1219.000,0
-1217.000,0
-1215.000,0
-1213.000,0
-1211.000,0
-1209.000,0
-1207.000,0
-1205.000,0
-1203.000,0
-1201.000,0
-1199.000,0
-1197.000,0
-1195.000,1
-1193.000,0
-1191.000,0
-1189.000,1
-1187.000,0
-1185.000,0
-1183.000,0
-1181.000,0
-1179.000,1
-1177.000,0
-1175.000,0
-1173.000,0
-1171.000,0
-1169.000,0
-1167.000,0
-1165.000,0
-1163.000,0
-1161.000,0
-1159.000,0
-1157.000,0
-1155.000,0
-1153.000,0
-1151.000,0
-1149.000,0
-1147.000,0
-1145.000,0
-1143.000,0
-1141.000,0
-1139.000,0
-1137.000,0
-1135.000,0
-1133.000,0
-1131.000,0
-1129.000,0
-1127.000,0
-1125.000,0
-1123.000,0
-1121.000,0
-1119.000,0
-1117.000,0
-1115.000,0
-1113.000,0
-1111.000,0
-1109.000,0
-1107.000,0
-1105.000,0
-1103.000,0
-1101.000,0
-1099.000,0
-1097.000,0
-1095.000,0
-1093.000,0
-1091.000,0
-1089.000,0
-1087.000,0
-1085.000,0
-1083.000,0
-1081.000,0
-1079.000,0
-1077.000,0
-1075.000,0
-1073.000,0
-1071.000,0
-1069.000,0
-1067.000,0
-1065.000,0
-1063.000,0
-1061.000,0
-1059.000,0
-1057.000,0
-1055.000,0
-1053.000,0
-1051.000,0
-1049.000,0
-1047.000,0
-1045.000,0
-1043.000,0
-1041.000,0
-1039.000,0
-1037.000,0
-1035.000,0
-1033.000,0
-1031.000,0
-1029.000,0
-1027.000,0
-1025.000,0
-1023.000,0
-1021.000,0
-1019.000,0
-1017.000,0
-1015.000,1
-1013.000,0
-1011.000,0
-1009.000,1
-1007.000,0
-1005.000,0
-1003.000,0
-1001.000,0
-999.000,0
-997.000,1
-995.000,1
-993.000,0
-991.000,0
-989.000,1
-987.000,0
-985.000,0
-983.000,0
-981.000,0
-979.000,1
-977.000,0
-975.000,0
-973.000,0
-971.000,1
-969.000,0
-967.000,0
-965.000,1
-963.000,0
-961.000,0
-959.000,0
-957.000,0
-955.000,1
-953.000,0
-951.000,0
-949.000,0
-947.000,0
-945.000,0
-943.000,0
-941.000,0
-939.000,0
-937.000,0
-935.000,0
-933.000,0
-931.000,0
-929.000,0
-927.000,0
-925.000,0
-923.000,0
-921.000,0
-919.000,0
-917.000,0
-915.000,0
-913.000,0
-911.000,0
-909.000,0
-907.000,0
-905.000,0
-903.000,0
-901.000,0
-899.000,0
-897.000,0
-895.000,0
-893.000,0
-891.000,0
-889.000,0
-887.000,0
-885.000,0
-883.000,0
-881.000,0
-879.000,0
-877.000,0
-875.000,0
-873.000,0
-871.000,0
-869.000,0
-867.000,0
-865.000,0
-863.000,0
-861.000,0
-859.000,0
-857.000,0
-855.000,0
-853.000,0
-851.000,0
-849.000,0
-847.000,1
-845.000,0
-843.000,1
-841.000,0
-839.000,0
-837.000,0
-835.000,0
-833.000,0
-831.000,1
-829.000,0
-827.000,0
-825.000,0
-823.000,0
-821.000,0
-819.000,0
-817.000,0
-815.000,0
-813.000,0
-811.000,0
-809.000,0
-807.000,0
-805.000,0
-803.000,0
-801.000,0
-799.000,0
-797.000,0
-795.000,0
-793.000,0
-791.000,0
-789.000,0
-787.000,0
-785.000,0
-783.000,0
-781.000,0
-779.000,0
-777.000,0
-775.000,0
-773.000,0
-771.000,0
-769.000,0
-767.000,0
-765.000,0
-763.000,0
-761.000,0
-759.000,0
-757.000,0
-755.000,0
-753.000,0
-751.000,0
-749.000,0
-747.000,0
-745.000,0
-743.000,0
-741.000,0
-739.000,0
-737.000,0
-735.000,0
-733.000,0
-731.000,0
-729.000,0
-727.000,0
-725.000,0
-723.000,0
-721.000,0
-719.000,0
-717.000,0
-715.000,0
-713.000,0
-711.000,0
-709.000,0
-707.000,0
-705.000,0
-703.000,0
-701.000,0
-699.000,0
-697.000,0
-695.000,0
-693.000,0
-691.000,0
-689.000,0
-687.000,0
-685.000,0
-683.000,0
-681.000,0
-679.000,0
-677.000,0
-675.000,0
-673.000,0
-671.000,0
-669.000,0
-667.000,0
-665.000,0
-663.000,0
-661.000,0
-659.000,0
-657.000,0
-655.000,0
-653.000,0
-651.000,0
-649.000,0
-647.000,0
-645.000,0
-643.000,0
-641.000,0
-639.000,0
-637.000,0
-635.000,0
-633.000,0
-631.000,0
-629.000,0
-627.000,0
-625.000,0
-623.000,0
-621.000,0
-619.000,0
-617.000,0
-615.000,0
-613.000,0
-611.000,0
-609.000,0
-607.000,0
-605.000,0
-603.000,0
-601.000,0
-599.000,0
-597.000,0
-595.000,0
-593.000,0
-591.000,0
-589.000,0
-587.000,0
-585.000,0
-583.000,0
-581.000,0
-579.000,0
-577.000,0
-575.000,0
-573.000,0
-571.000,0
-569.000,0
-567.000,0
-565.000,0
-563.000,0
-561.000,0
-559.000,0
-557.000,0
-555.000,0
-553.000,0
-551.000,0
-549.000,0
-547.000,0
-545.000,0
-543.000,0
-541.000,0
-539.000,0
-537.000,0
-535.000,0
-533.000,0
-531.000,0
-529.000,0
-527.000,0
-525.000,0
-523.000,0
-521.000,0
-519.000,0
-517.000,0
-515.000,0
-513.000,0
-511.000,0
-509.000,0
-507.000,0
-505.000,1
-503.000,0
-501.000,0
-499.000,1
-497.000,0
-495.000,0
-493.000,0
-491.000,0
-489.000,1
-487.000,0
-485.000,0
-483.000,0
-481.000,0
-479.000,0
-477.000,0
-475.000,0
-473.000,0
-471.000,0
-469.000,0
-467.000,0
-465.000,0
-463.000,0
-461.000,0
-459.000,0
-457.000,0
-455.000,0
-453.000,0
-451.000,0
-449.000,0
-447.000,0
-445.000,0
-443.000,0
-441.000,0
-439.000,0
-437.000,0
-435.000,0
-433.000,0
-431.000,0
-429.000,0
-427.000,0
-425.000,0
-423.000,0
-421.000,0
-419.000,0
-417.000,0
-415.000,0
-413.000,0
-411.000,0
-409.000,0
-407.000,0
-405.000,0
-403.000,0
-401.000,0
-399.000,0
-397.000,0
-395.000,0
-393.000,0
-391.000,0
-389.000,0
-387.000,0
-385.000,0
-383.000,1
-381.000,0
-379.000,0
-377.000,1
-375.000,0
-373.000,0
-371.000,0
-369.000,0
-367.000,1
-365.000,0
-363.000,0
-361.000,0
-359.000,0
-357.000,0
-355.000,0
-353.000,0
-351.000,0
-349.000,0
-347.000,0
-345.000,0
-343.000,0
-341.000,0
-339.000,0
-337.000,0
-335.000,0
-333.000,0
-331.000,0
-329.000,0
-327.000,0
-325.000,0
-323.000,0
-321.000,0
-319.000,0
-317.000,0
-315.000,0
-313.000,0
-311.000,0
-309.000,0
-307.000,0
-305.000,0
-303.000,1
-301.000,0
-299.000,0
-297.000,1
-295.000,0
-293.000,0
-291.000,0
-289.000,0
-287.000,1
-285.000,0
-283.000,0
-281.000,0
-279.000,0
-277.000,0
-275.000,0
-273.000,0
-271.000,0
-269.000,0
-267.000,0
-265.000,0
-263.000,0
-261.000,0
-259.000,0
-257.000,0
-255.000,0
-253.000,0
-251.000,0
-249.000,0
-247.000,0
-245.000,0
-243.000,0
-241.000,0
-239.000,0
-237.000,0
-235.000,0
-233.000,0
-231.000,0
-229.000,0
-227.000,0
-225.000,0
-223.000,0
-221.000,0
-219.000,0
-217.000,0
-215.000,0
-213.000,1
-211.000,0
-209.000,0
-207.000,1
-205.000,0
-203.000,0
-201.000,0
-199.000,0
-197.000,0
-195.000,1
-193.000,0
-191.000,0
-189.000,0
-187.000,0
-185.000,0
-183.000,0
-181.000,0
-179.000,0
-177.000,0
-175.000,0
-173.000,0
-171.000,0
-169.000,0
-167.000,0
-165.000,0
-163.000,0
-161.000,0
-159.000,0
-157.000,0
-155.000,0
-153.000,0
-151.000,0
-149.000,0
-147.000,0
-145.000,0
-143.000,0
-141.000,0
-139.000,0
-137.000,0
-135.000,0
-133.000,0
-131.000,0
-129.000,0
-127.000,0
-125.000,0
-123.000,0
-121.000,0
-119.000,0
-117.000,0
-115.000,0
-113.000,0
-111.000,0
-109.000,0
-107.000,0
-105.000,0
-103.000,0
-101.000,0
-99.000,0
-97.000,0
-95.000,0
-93.000,0
-91.000,0
-89.000,0
-87.000,0
-85.000,0
-83.000,0
-81.000,0
-79.000,0
-77.000,0
-75.000,0
-73.000,0
-71.000,0
-69.000,0
-67.000,0
-65.000,0
-63.000,0
-61.000,0
-59.000,0
-57.000,0
-55.000,0
-53.000,0
-51.000,0
-49.000,0
-47.000,0
-45.000,0
-43.000,0
-41.000,0
-39.000,0
-37.000,0
-35.000,0
-33.000,0
-31.000,0
-29.000,0
-27.000,0
-25.000,0
-23.000,0
-21.000,0
-19.000,0
-17.000,0
-15.000,0
-13.000,0
-11.000,0
-9.000,0
-7.000,0
-5.000,0
-3.000,0
-1.000,0
1.000,0
3.000,0
5.000,0
7.000,0
9.000,0
11.000,0
13.000,1
15.000,0
17.000,0
19.000,1
21.000,0
23.000,0
25.000,0
27.000,0
29.000,0
31.000,1
33.000,0
35.000,0
37.000,0
39.000,1
41.000,0
43.000,0
45.000,1
47.000,0
49.000,0
51.000,0
53.000,0
55.000,1
57.000,0
59.000,0
61.000,0
63.000,0
65.000,0
67.000,0
69.000,0
71.000,0
73.000,0
75.000,0
77.000,0
79.000,0
81.000,0
83.000,0
85.000,0
87.000,0
89.000,0
91.000,0
93.000,0
95.000,0
97.000,0
99.000,0
101.000,0
103.000,0
105.000,0
107.000,0
109.000,0
111.000,0
113.000,0
115.000,0
117.000,0
119.000,0
121.000,0
123.000,0
125.000,0
127.000,0
129.000,0
131.000,0
133.000,0
135.000,0
137.000,0
139.000,0
141.000,0
143.000,0
145.000,0
147.000,0
149.000,0
151.000,0
153.000,0
155.000,0
157.000,0
159.000,0
161.000,0
163.000,0
165.000,0
167.000,0
169.000,0
171.000,0
173.000,0
175.000,0
177.000,0
179.000,0
181.000,0
183.000,0
185.000,0
187.000,0
189.000,0
191.000,0
193.000,0
195.000,0
197.000,0
199.000,0
201.000,0
203.000,0
205.000,0
207.000,0
209.000,0
211.000,0
213.000,0
215.000,0
217.000,0
219.000,0
221.000,0
223.000,0
225.000,0
227.000,0
229.000,0
231.000,0
233.000,0
235.000,0
237.000,0
239.000,0
241.000,0
243.000,0
245.000,0
247.000,0
249.000,0
251.000,0
253.000,0
255.000,0
257.000,0
259.000,0
261.000,0
263.000,0
265.000,0
267.000,0
269.000,0
271.000,0
273.000,0
275.000,0
277.000,0
279.000,0
281.000,0
283.000,1
285.000,0
287.000,0
289.000,1
291.000,0
293.000,0
295.000,0
297.000,0
299.000,1
301.000,0
303.000,0
305.000,0
307.000,0
309.000,0
311.000,0
313.000,0
315.000,0
317.000,0
319.000,0
321.000,0
323.000,0
325.000,0
327.000,0
329.000,0
331.000,0
333.000,0
335.000,0
337.000,0
339.000,0
341.000,0
343.000,0
345.000,0
347.000,0
349.000,0
351.000,0
353.000,0
355.000,0
357.000,0
359.000,0
361.000,0
363.000,0
365.000,0
367.000,0
369.000,0
371.000,0
373.000,0
375.000,0
377.000,0
379.000,0
381.000,0
383.000,0
385.000,0
387.000,1
389.000,0
391.000,1
393.000,0
395.000,0
397.000,0
399.000,0
401.000,0
403.000,1
405.000,0
407.000,0
409.000,0
411.000,0
413.000,0
415.000,0
417.000,0
419.000,0
421.000,0
423.000,0
425.000,0
427.000,0
429.000,0
431.000,0
433.000,0
435.000,0
437.000,0
439.000,0
441.000,0
443.000,0
445.000,0
447.000,0
449.000,0
451.000,0
453.000,0
455.000,0
457.000,0
459.000,0
461.000,0
463.000,0
465.000,0
467.000,0
469.000,0
471.000,0
473.000,0
475.000,0
477.000,0
479.000,0
481.000,0
483.000,0
485.000,0
487.000,0
489.000,0
491.000,0
493.000,0
495.000,0
497.000,0
499.000,0
501.000,0
503.000,0
505.000,1
507.000,1
509.000,0
511.000,1
513.000,1
515.000,0
517.000,0
519.000,0
521.000,1
523.000,1
525.000,0
527.000,0
529.000,0
531.000,0
533.000,0
535.000,0
537.000,0
539.000,0
541.000,1
543.000,0
545.000,1
547.000,0
549.000,0
551.000,0
553.000,0
555.000,0
557.000,1
559.000,0
561.000,0
563.000,0
565.000,0
567.000,0
569.000,0
571.000,0
573.000,0
575.000,0
577.000,0
579.000,0
581.000,0
583.000,0
585.000,0
587.000,0
589.000,0
591.000,0
593.000,0
595.000,0
597.000,0
599.000,0
601.000,0
603.000,0
605.000,0
607.000,0
609.000,0
611.000,0
613.000,0
615.000,0
617.000,0
619.000,0
621.000,0
623.000,0
625.000,0
627.000,0
629.000,0
631.000,0
633.000,0
635.000,0
637.000,0
639.000,0
641.000,0
643.000,0
645.000,0
647.000,0
649.000,0
651.000,0
653.000,0
655.000,0
657.000,0
659.000,0
661.000,0
663.000,0
665.000,0
667.000,0
669.000,0
671.000,0
673.000,0
675.000,0
677.000,0
679.000,0
681.000,0
683.000,0
685.000,0
687.000,0
689.000,0
691.000,0
693.000,0
695.000,0
697.000,0
699.000,0
701.000,0
703.000,0
705.000,0
707.000,0
709.000,0
711.000,0
713.000,0
715.000,0
717.000,0
719.000,0
721.000,0
723.000,0
725.000,0
727.000,0
729.000,0
731.000,0
733.000,0
735.000,0
737.000,0
739.000,0
741.000,0
743.000,0
745.000,0
747.000,0
749.000,0
751.000,0
753.000,0
755.000,0
757.000,0
759.000,0
761.000,0
763.000,0
765.000,0
767.000,0
769.000,0
771.000,0
773.000,0
775.000,0
777.000,0
779.000,0
781.000,0
783.000,0
785.000,0
787.000,0
789.000,0
791.000,0
793.000,0
795.000,0
797.000,0
799.000,0
801.000,0
803.000,0
805.000,0
807.000,0
809.000,0
811.000,0
813.000,0
815.000,0
817.000,0
819.000,0
821.000,0
823.000,0
825.000,0
827.000,0
829.000,0
831.000,0
833.000,0
835.000,0
837.000,0
839.000,0
841.000,0
843.000,0
845.000,0
847.000,0
849.000,0
851.000,0
853.000,0
855.000,0
857.000,0
859.000,0
861.000,0
863.000,0
865.000,0
867.000,0
869.000,0
871.000,0
873.000,0
875.000,0
877.000,0
879.000,0
881.000,0
883.000,0
885.000,0
887.000,0
889.000,0
891.000,0
893.000,0
895.000,0
897.000,0
899.000,0
901.000,0
903.000,0
905.000,0
907.000,0
909.000,0
911.000,0
913.000,0
915.000,0
917.000,0
919.000,0
921.000,0
923.000,0
925.000,0
927.000,0
929.000,0
931.000,0
933.000,0
935.000,0
937.000,0
939.000,0
941.000,0
943.000,0
945.000,0
947.000,0
949.000,0
951.000,0
953.000,0
955.000,0
957.000,0
959.000,0
961.000,0
963.000,0
965.000,0
967.000,0
969.000,0
971.000,0
973.000,0
975.000,0
977.000,0
979.000,0
981.000,0
983.000,0
985.000,0
987.000,0
989.000,0
991.000,0
993.000,0
995.000,0
997.000,0
999.000,0
1001.000,0
1003.000,0
1005.000,0
1007.000,0
1009.000,0
1011.000,0
1013.000,0
1015.000,0
1017.000,0
1019.000,0
1021.000,0
1023.000,0
1025.000,0
1027.000,0
1029.000,0
1031.000,0
1033.000,0
1035.000,0
1037.000,0
1039.000,0
1041.000,0
1043.000,0
1045.000,0
1047.000,0
1049.000,0
1051.000,0
1053.000,0
1055.000,0
1057.000,0
1059.000,0
1061.000,0
1063.000,0
1065.000,0
1067.000,0
1069.000,0
1071.000,0
1073.000,0
1075.000,0
1077.000,0
1079.000,0
1081.000,0
1083.000,0
1085.000,0
1087.000,0
1089.000,0
1091.000,0
1093.000,0
1095.000,0
1097.000,0
1099.000,0
1101.000,0
1103.000,0
1105.000,0
1107.000,0
1109.000,0
1111.000,0
1113.000,0
1115.000,0
1117.000,0
1119.000,0
1121.000,0
1123.000,0
1125.000,0
1127.000,0
1129.000,0
1131.000,0
1133.000,0
1135.000,0
1137.000,0
1139.000,0
1141.000,0
1143.000,0
1145.000,0
1147.000,0
1149.000,0
1151.000,0
1153.000,0
1155.000,0
1157.000,0
1159.000,0
1161.000,0
1163.000,0
1165.000,0
1167.000,0
1169.000,0
1171.000,0
1173.000,0
1175.000,0
1177.000,0
1179.000,0
1181.000,0
1183.000,0
1185.000,0
1187.000,0
1189.000,0
1191.000,0
1193.000,0
1195.000,0
1197.000,0
1199.000,0
1201.000,0
1203.000,0
1205.000,0
1207.000,0
1209.000,0
1211.000,0
1213.000,0
1215.000,0
1217.000,0
1219.000,0
1221.000,0
1223.000,0
1225.000,0
1227.000,0
1229.000,0
1231.000,0
1233.000,0
1235.000,0
1237.000,0
1239.000,0
1241.000,0
1243.000,0
1245.000,0
1247.000,0
1249.000,0
1251.000,0
1253.000,0
1255.000,0
1257.000,0
1259.000,0
1261.000,0
1263.000,0
1265.000,0
1267.000,0
1269.000,0
1271.000,0
1273.000,0
1275.000,0
1277.000,0
1279.000,0
1281.000,0
1283.000,0
1285.000,0
1287.000,0
1289.000,0
1291.000,0
1293.000,0
1295.000,0
1297.000,0
1299.000,0
1301.000,0
1303.000,0
1305.000,0
1307.000,0
1309.000,0
1311.000,0
1313.000,0
1315.000,0
1317.000,0
1319.000,0
1321.000,0
1323.000,0
1325.000,0
1327.000,0
1329.000,0
1331.000,0
1333.000,0
1335.000,0
1337.000,0
1339.000,0
1341.000,0
1343.000,0
1345.000,0
1347.000,0
1349.000,0
1351.000,0
1353.000,0
1355.000,0
1357.000,0
1359.000,0
1361.000,0
1363.000,0
1365.000,0
1367.000,0
1369.000,0
1371.000,0
1373.000,0
1375.000,0
1377.000,0
1379.000,0
1381.000,0
1383.000,0
1385.000,0
1387.000,0
1389.000,0
1391.000,0
1393.000,0
1395.000,0
1397.000,0
1399.000,0
1401.000,0
1403.000,0
1405.000,0
1407.000,0
1409.000,0
1411.000,0
1413.000,0
1415.000,0
1417.000,0
1419.000,0
1421.000,0
1423.000,0
1425.000,0
1427.000,0
1429.000,0
1431.000,0
1433.000,0
1435.000,0
1437.000,0
1439.000,0
1441.000,0
1443.000,0
1445.000,0
1447.000,0
1449.000,0
1451.000,0
1453.000,0
1455.000,0
1457.000,0
1459.000,0
1461.000,0
1463.000,0
1465.000,0
1467.000,0
1469.000,0
1471.000,0
1473.000,0
1475.000,1
1477.000,0
1479.000,0
1481.000,1
1483.000,0
1485.000,0
1487.000,0
1489.000,0
1491.000,0
1493.000,1
1495.000,0
1497.000,0
1499.000,0
1501.000,0
1503.000,0
1505.000,0
1507.000,0
1509.000,0
1511.000,0
1513.000,0
1515.000,0
1517.000,0
1519.000,0
1521.000,0
1523.000,0
1525.000,0
1527.000,0
1529.000,0
1531.000,0
1533.000,0
1535.000,0
1537.000,0
1539.000,0
1541.000,0
1543.000,0
1545.000,0
1547.000,0
1549.000,0
1551.000,0
1553.000,0
1555.000,0
1557.000,0
1559.000,0
1561.000,0
1563.000,0
1565.000,0
1567.000,0
1569.000,0
1571.000,0
1573.000,0
1575.000,0
1577.000,0
1579.000,0
1581.000,0
1583.000,0
1585.000,0
1587.000,0
1589.000,0
1591.000,0
1593.000,0
1595.000,1
1597.000,0
1599.000,0
1601.000,1
1603.000,0
1605.000,0
1607.000,0
1609.000,0
1611.000,1
1613.000,0
1615.000,0
1617.000,0
1619.000,0
1621.000,0
1623.000,0
1625.000,0
1627.000,0
1629.000,0
1631.000,0
1633.000,0
1635.000,0
1637.000,0
1639.000,0
1641.000,0
1643.000,0
1645.000,0
1647.000,0
1649.000,0
1651.000,0
1653.000,0
1655.000,0
1657.000,0
1659.000,0
1661.000,0
1663.000,0
1665.000,0
1667.000,0
1669.000,0
1671.000,0
1673.000,0
1675.000,0
1677.000,0
1679.000,0
1681.000,0
1683.000,0
1685.000,0
1687.000,0
1689.000,0
1691.000,0
1693.000,0
1695.000,0
1697.000,0
1699.000,1
1701.000,0
1703.000,0
1705.000,1
1707.000,0
1709.000,0
1711.000,0
1713.000,0
1715.000,1
1717.000,0
1719.000,0
1721.000,0
1723.000,0
1725.000,0
1727.000,0
1729.000,0
1731.000,0
1733.000,0
1735.000,0
1737.000,0
1739.000,0
1741.000,0
1743.000,0
1745.000,0
1747.000,0
1749.000,0
1751.000,0
1753.000,0
1755.000,0
1757.000,0
1759.000,0
1761.000,0
1763.000,0
1765.000,0
1767.000,0
1769.000,0
1771.000,0
1773.000,0
1775.000,0
1777.000,0
1779.000,0
1781.000,0
1783.000,0
1785.000,0
1787.000,0
1789.000,0
1791.000,0
1793.000,0
1795.000,0
1797.000,0
1799.000,0
1801.000,0
1803.000,0
1805.000,0
1807.000,0
1809.000,0
1811.000,0
1813.000,0
1815.000,0
1817.000,0
1819.000,0
1821.000,0
1823.000,0
1825.000,0
1827.000,0
1829.000,0
1831.000,0
1833.000,0
1835.000,0
1837.000,0
1839.000,0
1841.000,0
1843.000,0
1845.000,0
1847.000,0
1849.000,0
1851.000,0
1853.000,0
1855.000,0
1857.000,0
1859.000,0
1861.000,0
1863.000,0
1865.000,0
1867.000,0
1869.000,0
1871.000,0
1873.000,0
1875.000,0
1877.000,0
1879.000,0
1881.000,0
1883.000,0
1885.000,0
1887.000,0
1889.000,0
1891.000,0
1893.000,0
1895.000,0
1897.000,1
1899.000,0
1901.000,0
1903.000,1
1905.000,0
1907.000,0
1909.000,0
1911.000,0
1913.000,1
1915.000,0
1917.000,0
1919.000,0
1921.000,0
1923.000,0
1925.000,0
1927.000,0
1929.000,0
1931.000,0
1933.000,0
1935.000,0
1937.000,0
1939.000,0
1941.000,0
1943.000,0
1945.000,0
1947.000,0
1949.000,0
1951.000,0
1953.000,0
1955.000,0
1957.000,0
1959.000,0
1961.000,0
1963.000,0
1965.000,0
1967.000,0
1969.000,0
1971.000,0
1973.000,0
1975.000,0
1977.000,0
1979.000,0
1981.000,0
1983.000,0
1985.000,0
1987.000,0
1989.000,0
1991.000,0
1993.000,0
1995.000,0
1997.000,0
1999.000,0
2001.000,0
2003.000,0
2005.000,0
2007.000,0
2009.000,0
2011.000,0
2013.000,0
2015.000,0
2017.000,0
2019.000,0
2021.000,0
2023.000,0
2025.000,0
2027.000,0
2029.000,0
2031.000,0
2033.000,0
2035.000,0
2037.000,0
2039.000,0
2041.000,0
2043.000,0
2045.000,0
2047.000,0
2049.000,0
2051.000,0
2053.000,0
2055.000,0
2057.000,0
2059.000,0
2061.000,0
2063.000,0
2065.000,0
2067.000,0
2069.000,0
2071.000,0
2073.000,0
2075.000,0
2077.000,0
2079.000,0
2081.000,0
2083.000,0
2085.000,0
2087.000,0
2089.000,0
2091.000,0
2093.000,0
2095.000,0
2097.000,0
2099.000,0
2101.000,0
2103.000,0
2105.000,0
2107.000,0
2109.000,0
2111.000,0
2113.000,0
2115.000,0
2117.000,0
2119.000,0
2121.000,0
2123.000,0
2125.000,0
2127.000,0
2129.000,0
2131.000,0
2133.000,0
2135.000,0
2137.000,0
2139.000,0
2141.000,0
2143.000,0
2145.000,0
2147.000,0
2149.000,0
2151.000,0
2153.000,0
2155.000,0
2157.000,1
2159.000,0
2161.000,0
2163.000,1
2165.000,0
2167.000,0
2169.000,0
2171.000,0
2173.000,0
2175.000,1
2177.000,0
2179.000,0
2181.000,0
2183.000,0
2185.000,0
2187.000,0
2189.000,0
2191.000,0
2193.000,0
2195.000,0
2197.000,0
2199.000,0
2201.000,0
2203.000,0
2205.000,1
2207.000,0
2209.000,1
2211.000,0
2213.000,0
2215.000,0
2217.000,0
2219.000,0
2221.000,1
2223.000,0
2225.000,0
2227.000,0
2229.000,0
2231.000,0
2233.000,0
2235.000,0
2237.000,0
2239.000,0
2241.000,0
2243.000,0
2245.000,0
2247.000,0
2249.000,0
2251.000,0
2253.000,0
2255.000,0
2257.000,0
2259.000,0
2261.000,0
2263.000,0
2265.000,0
2267.000,0
2269.000,0
2271.000,0
2273.000,0
2275.000,0
2277.000,0
2279.000,0
2281.000,0
2283.000,0
2285.000,0
2287.000,0
2289.000,0
2291.000,0
2293.000,0
2295.000,0
2297.000,0
2299.000,0
2301.000,0
2303.000,0
2305.000,0
2307.000,0
2309.000,0
2311.000,0
2313.000,0
2315.000,0
2317.000,0
2319.000,0
2321.000,0
2323.000,0
2325.000,0
2327.000,0
2329.000,0
2331.000,0
2333.000,0
2335.000,0
2337.000,0
2339.000,0
2341.000,0
2343.000,0
2345.000,0
2347.000,0
2349.000,0
2351.000,0
2353.000,0
2355.000,0
2357.000,0
2359.000,0
2361.000,0
2363.000,0
2365.000,0
2367.000,0
2369.000,0
2371.000,0
2373.000,0
2375.000,0
2377.000,0
2379.000,0
2381.000,0
2383.000,0
2385.000,0
2387.000,0
2389.000,0
2391.000,0
2393.000,0
2395.000,0
2397.000,0
2399.000,0
2401.000,0
2403.000,0
2405.000,0
2407.000,0
2409.000,0
2411.000,0
2413.000,0
2415.000,0
2417.000,0
2419.000,0
2421.000,0
2423.000,0
2425.000,0
2427.000,0
2429.000,0
2431.000,0
2433.000,0
2435.000,0
2437.000,0
2439.000,0
2441.000,0
2443.000,0
2445.000,0
2447.000,0
2449.000,0
2451.000,0
2453.000,0
2455.000,0
2457.000,0
2459.000,0
2461.000,0
2463.000,0
2465.000,0
2467.000,0
2469.000,0
2471.000,0
2473.000,0
2475.000,0
2477.000,0
2479.000,0
2481.000,0
2483.000,0
2485.000,0
2487.000,0
2489.000,0
2491.000,0
2493.000,0
2495.000,0
2497.000,0
2499.000,0
