start_s,stop_s,ch1_count,ch2_count
0.000000000000000000e+00,5.999999999999999778e-01,7.800000000000000000e+01,8.100000000000000000e+01
5.999999999999999778e-01,1.199999999999999956e+00,7.200000000000000000e+01,9.100000000000000000e+01
1.199999999999999956e+00,1.800000000000000044e+00,7.200000000000000000e+01,8.600000000000000000e+01
1.800000000000000044e+00,2.399999999999999911e+00,5.700000000000000000e+01,8.900000000000000000e+01
2.399999999999999911e+00,3.000000000000000000e+00,5.900000000000000000e+01,9.300000000000000000e+01
3.000000000000000000e+00,3.600000000000000089e+00,5.100000000000000000e+01,1.000000000000000000e+02
3.600000000000000089e+00,4.200000000000000178e+00,5.000000000000000000e+01,9.400000000000000000e+01
4.200000000000000178e+00,4.799999999999999822e+00,5.500000000000000000e+01,8.200000000000000000e+01
4.799999999999999822e+00,5.400000000000000355e+00,6.800000000000000000e+01,8.700000000000000000e+01
5.400000000000000355e+00,6.000000000000000000e+00,6.200000000000000000e+01,1.080000000000000000e+02
6.000000000000000000e+00,6.599999999999999645e+00,5.200000000000000000e+01,9.200000000000000000e+01
6.599999999999999645e+00,7.200000000000000178e+00,7.200000000000000000e+01,7.900000000000000000e+01
7.200000000000000178e+00,7.799999999999999822e+00,4.900000000000000000e+01,8.600000000000000000e+01
7.799999999999999822e+00,8.400000000000000355e+00,5.700000000000000000e+01,7.400000000000000000e+01
8.400000000000000355e+00,9.000000000000000000e+00,5.600000000000000000e+01,9.100000000000000000e+01
9.000000000000000000e+00,9.599999999999999645e+00,7.400000000000000000e+01,9.900000000000000000e+01
9.599999999999999645e+00,1.019999999999999929e+01,8.900000000000000000e+01,9.300000000000000000e+01
1.019999999999999929e+01,1.080000000000000071e+01,4.600000000000000000e+01,8.600000000000000000e+01
1.080000000000000071e+01,1.140000000000000036e+01,5.800000000000000000e+01,9.100000000000000000e+01
1.140000000000000036e+01,1.200000000000000000e+01,5.800000000000000000e+01,7.500000000000000000e+01
1.200000000000000000e+01,1.259999999999999964e+01,5.900000000000000000e+01,9.500000000000000000e+01
1.259999999999999964e+01,1.319999999999999929e+01,6.300000000000000000e+01,9.200000000000000000e+01
1.319999999999999929e+01,1.380000000000000071e+01,5.800000000000000000e+01,9.700000000000000000e+01
1.380000000000000071e+01,1.440000000000000036e+01,8.500000000000000000e+01,8.500000000000000000e+01
1.440000000000000036e+01,1.500000000000000000e+01,6.700000000000000000e+01,1.170000000000000000e+02
1.500000000000000000e+01,1.559999999999999964e+01,6.900000000000000000e+01,8.900000000000000000e+01
1.559999999999999964e+01,1.619999999999999929e+01,6.600000000000000000e+01,8.400000000000000000e+01
1.619999999999999929e+01,1.680000000000000071e+01,6.000000000000000000e+01,1.020000000000000000e+02
1.680000000000000071e+01,1.739999999999999858e+01,5.800000000000000000e+01,7.800000000000000000e+01
1.739999999999999858e+01,1.800000000000000000e+01,6.300000000000000000e+01,7.800000000000000000e+01
1.800000000000000000e+01,1.860000000000000142e+01,6.400000000000000000e+01,9.700000000000000000e+01
1.860000000000000142e+01,1.919999999999999929e+01,5.400000000000000000e+01,8.000000000000000000e+01
1.919999999999999929e+01,1.980000000000000071e+01,5.700000000000000000e+01,9.000000000000000000e+01
1.980000000000000071e+01,2.039999999999999858e+01,5.100000000000000000e+01,9.300000000000000000e+01
2.039999999999999858e+01,2.100000000000000000e+01,7.100000000000000000e+01,8.300000000000000000e+01
2.100000000000000000e+01,2.160000000000000142e+01,6.600000000000000000e+01,8.600000000000000000e+01
2.160000000000000142e+01,2.219999999999999929e+01,4.800000000000000000e+01,8.900000000000000000e+01
2.219999999999999929e+01,2.280000000000000071e+01,7.100000000000000000e+01,9.800000000000000000e+01
2.280000000000000071e+01,2.339999999999999858e+01,7.700000000000000000e+01,8.600000000000000000e+01
2.339999999999999858e+01,2.400000000000000000e+01,7.000000000000000000e+01,8.200000000000000000e+01
2.400000000000000000e+01,2.460000000000000142e+01,6.400000000000000000e+01,9.200000000000000000e+01
2.460000000000000142e+01,2.519999999999999929e+01,4.500000000000000000e+01,1.040000000000000000e+02
2.519999999999999929e+01,2.580000000000000071e+01,7.700000000000000000e+01,9.900000000000000000e+01
2.580000000000000071e+01,2.639999999999999858e+01,7.200000000000000000e+01,8.300000000000000000e+01
2.639999999999999858e+01,2.700000000000000000e+01,6.800000000000000000e+01,1.010000000000000000e+02
2.700000000000000000e+01,2.760000000000000142e+01,6.100000000000000000e+01,7.300000000000000000e+01
2.760000000000000142e+01,2.819999999999999929e+01,6.100000000000000000e+01,1.010000000000000000e+02
2.819999999999999929e+01,2.880000000000000071e+01,6.800000000000000000e+01,9.500000000000000000e+01
2.880000000000000071e+01,2.939999999999999858e+01,6.300000000000000000e+01,8.700000000000000000e+01
2.939999999999999858e+01,3.000000000000000000e+01,6.700000000000000000e+01,8.700000000000000000e+01
3.000000000000000000e+01,3.060000000000000142e+01,6.300000000000000000e+01,8.700000000000000000e+01
3.060000000000000142e+01,3.119999999999999929e+01,6.000000000000000000e+01,9.300000000000000000e+01
3.119999999999999929e+01,3.180000000000000071e+01,7.200000000000000000e+01,8.700000000000000000e+01
3.180000000000000071e+01,3.239999999999999858e+01,6.400000000000000000e+01,8.600000000000000000e+01
3.239999999999999858e+01,3.300000000000000000e+01,6.000000000000000000e+01,7.700000000000000000e+01
3.300000000000000000e+01,3.360000000000000142e+01,6.300000000000000000e+01,1.010000000000000000e+02
3.360000000000000142e+01,3.420000000000000284e+01,6.100000000000000000e+01,8.300000000000000000e+01
3.420000000000000284e+01,3.479999999999999716e+01,6.400000000000000000e+01,8.300000000000000000e+01
3.479999999999999716e+01,3.539999999999999858e+01,7.500000000000000000e+01,9.600000000000000000e+01
3.539999999999999858e+01,3.600000000000000000e+01,5.700000000000000000e+01,9.600000000000000000e+01
3.600000000000000000e+01,3.660000000000000142e+01,7.500000000000000000e+01,9.300000000000000000e+01
3.660000000000000142e+01,3.720000000000000284e+01,6.500000000000000000e+01,8.300000000000000000e+01
3.720000000000000284e+01,3.779999999999999716e+01,5.900000000000000000e+01,9.000000000000000000e+01
3.779999999999999716e+01,3.839999999999999858e+01,6.400000000000000000e+01,8.100000000000000000e+01
3.839999999999999858e+01,3.900000000000000000e+01,5.700000000000000000e+01,9.300000000000000000e+01
3.900000000000000000e+01,3.960000000000000142e+01,5.600000000000000000e+01,8.200000000000000000e+01
3.960000000000000142e+01,4.020000000000000284e+01,7.400000000000000000e+01,7.700000000000000000e+01
4.020000000000000284e+01,4.079999999999999716e+01,5.200000000000000000e+01,8.600000000000000000e+01
4.079999999999999716e+01,4.139999999999999858e+01,6.700000000000000000e+01,7.900000000000000000e+01
4.139999999999999858e+01,4.200000000000000000e+01,6.600000000000000000e+01,8.200000000000000000e+01
4.200000000000000000e+01,4.260000000000000142e+01,6.800000000000000000e+01,7.600000000000000000e+01
4.260000000000000142e+01,4.320000000000000284e+01,6.400000000000000000e+01,7.900000000000000000e+01
4.320000000000000284e+01,4.379999999999999716e+01,5.600000000000000000e+01,8.900000000000000000e+01
4.379999999999999716e+01,4.439999999999999858e+01,4.800000000000000000e+01,8.700000000000000000e+01
4.439999999999999858e+01,4.500000000000000000e+01,5.400000000000000000e+01,7.000000000000000000e+01
4.500000000000000000e+01,4.560000000000000142e+01,7.700000000000000000e+01,9.100000000000000000e+01
4.560000000000000142e+01,4.620000000000000284e+01,6.300000000000000000e+01,8.600000000000000000e+01
4.620000000000000284e+01,4.679999999999999716e+01,6.500000000000000000e+01,9.700000000000000000e+01
4.679999999999999716e+01,4.739999999999999858e+01,6.300000000000000000e+01,1.070000000000000000e+02
4.739999999999999858e+01,4.800000000000000000e+01,6.200000000000000000e+01,1.100000000000000000e+02
4.800000000000000000e+01,4.860000000000000142e+01,7.500000000000000000e+01,9.300000000000000000e+01
4.860000000000000142e+01,4.920000000000000284e+01,8.400000000000000000e+01,9.800000000000000000e+01
4.920000000000000284e+01,4.979999999999999716e+01,5.700000000000000000e+01,8.500000000000000000e+01
4.979999999999999716e+01,5.039999999999999858e+01,7.800000000000000000e+01,9.200000000000000000e+01
5.039999999999999858e+01,5.100000000000000000e+01,4.600000000000000000e+01,8.600000000000000000e+01
5.100000000000000000e+01,5.160000000000000142e+01,5.600000000000000000e+01,8.400000000000000000e+01
5.160000000000000142e+01,5.220000000000000284e+01,5.600000000000000000e+01,7.900000000000000000e+01
5.220000000000000284e+01,5.279999999999999716e+01,6.300000000000000000e+01,7.900000000000000000e+01
5.279999999999999716e+01,5.339999999999999858e+01,6.200000000000000000e+01,7.200000000000000000e+01
5.339999999999999858e+01,5.400000000000000000e+01,6.000000000000000000e+01,8.800000000000000000e+01
5.400000000000000000e+01,5.460000000000000142e+01,6.500000000000000000e+01,9.900000000000000000e+01
5.460000000000000142e+01,5.520000000000000284e+01,6.700000000000000000e+01,9.300000000000000000e+01
5.520000000000000284e+01,5.579999999999999716e+01,5.200000000000000000e+01,8.900000000000000000e+01
5.579999999999999716e+01,5.639999999999999858e+01,5.500000000000000000e+01,8.500000000000000000e+01
5.639999999999999858e+01,5.700000000000000000e+01,6.700000000000000000e+01,1.090000000000000000e+02
5.700000000000000000e+01,5.760000000000000142e+01,6.900000000000000000e+01,9.400000000000000000e+01
5.760000000000000142e+01,5.820000000000000284e+01,6.400000000000000000e+01,8.400000000000000000e+01
5.820000000000000284e+01,5.879999999999999716e+01,6.500000000000000000e+01,7.400000000000000000e+01
5.879999999999999716e+01,5.939999999999999858e+01,4.900000000000000000e+01,8.900000000000000000e+01
5.939999999999999858e+01,6.000000000000000000e+01,5.900000000000000000e+01,8.300000000000000000e+01
