peak_index,start_ns,stop_ns,raw_pairs,exposure_corrected_pairs,reference,relative_area
-5,-10800.0,-9200.0,0,0.0,True,0.0
-4,-8800.0,-7200.0,1,1.0000001333333512,True,0.4210526404432139
-3,-6800.0,-5200.0,3,3.0000003000000297,True,1.2631578792243732
-2,-4800.0,-3200.0,3,3.0000002000000134,True,1.263157837119108
-1,-2800.0,-1200.0,0,0.0,False,0.0
0,-800.0,800.0,1,1.0,False,0.42105258430286174
1,1200.0,2800.0,2,2.000000066666669,False,0.8421051966758968
2,3200.0,4800.0,3,3.0000002000000134,True,1.263157837119108
3,5200.0,6800.0,1,1.00000010000001,True,0.4210526264081244
4,7200.0,8800.0,4,4.000000533333405,True,1.6842105617728556
5,9200.0,10800.0,4,4.000000666666778,True,1.6842106179132168
