sample_index,ao_clock_time_ns,ni_trigger_time_ns,alice_target_hv_v,bob_target_hv_v,ao0_v,ao1_v
0,0,500,50.0,0.0,-2.5,-0.0
1,1000,1500,50.0,0.0,-2.5,-0.0
2,2000,2500,50.0,0.0,-2.5,-0.0
3,3000,3500,50.0,0.0,-2.5,-0.0
4,4000,4500,50.0,0.0,-2.5,-0.0
5,5000,5500,50.0,0.0,-2.5,-0.0
6,6000,6500,50.0,0.0,-2.5,-0.0
7,7000,7500,50.0,0.0,-2.5,-0.0
8,8000,8500,50.0,0.0,-2.5,-0.0
9,9000,9500,50.0,0.0,-2.5,-0.0
10,10000,10500,50.0,0.0,-2.5,-0.0
11,11000,11500,50.0,0.0,-2.5,-0.0
12,12000,12500,50.0,0.0,-2.5,-0.0
13,13000,13500,50.0,0.0,-2.5,-0.0
14,14000,14500,50.0,0.0,-2.5,-0.0
15,15000,15500,50.0,0.0,-2.5,-0.0
16,16000,16500,50.0,0.0,-2.5,-0.0
17,17000,17500,50.0,0.0,-2.5,-0.0
18,18000,18500,50.0,0.0,-2.5,-0.0
19,19000,19500,50.0,0.0,-2.5,-0.0
20,20000,20500,-50.0,0.0,2.5,-0.0
21,21000,21500,-50.0,0.0,2.5,-0.0
22,22000,22500,-50.0,0.0,2.5,-0.0
23,23000,23500,-50.0,0.0,2.5,-0.0
24,24000,24500,-50.0,0.0,2.5,-0.0
25,25000,25500,-50.0,0.0,2.5,-0.0
26,26000,26500,-50.0,0.0,2.5,-0.0
27,27000,27500,-50.0,0.0,2.5,-0.0
28,28000,28500,-50.0,0.0,2.5,-0.0
29,29000,29500,-50.0,0.0,2.5,-0.0
30,30000,30500,-50.0,0.0,2.5,-0.0
31,31000,31500,-50.0,0.0,2.5,-0.0
32,32000,32500,-50.0,0.0,2.5,-0.0
33,33000,33500,-50.0,0.0,2.5,-0.0
34,34000,34500,-50.0,0.0,2.5,-0.0
35,35000,35500,-50.0,0.0,2.5,-0.0
36,36000,36500,-50.0,0.0,2.5,-0.0
37,37000,37500,-50.0,0.0,2.5,-0.0
38,38000,38500,-50.0,0.0,2.5,-0.0
39,39000,39500,-50.0,0.0,2.5,-0.0
