phase_hypothesis,alice_state,bob_basis,CH1,CH2,expected_CH1_fraction,measured_CH1_fraction,ci95_low,ci95_high
0,H,HV,151,93,0.0,0.6188524590163934,0.5565176229142125,0.677502949253099
0,H,RL,37,184,0.5,0.167420814479638,0.12397245040148253,0.22223353504700577
0,V,HV,127,93,1.0,0.5772727272727273,0.5112189889151363,0.6406742313092518
0,V,RL,255,21,0.5,0.9239130434782609,0.8864891518281274,0.9496985988579972
0,R,HV,86,122,0.5,0.41346153846153844,0.34869774431826717,0.48136384891088946
0,R,RL,34,148,0.0,0.18681318681318682,0.13687713907860216,0.24969676793107698
0,L,HV,153,84,0.5,0.6455696202531646,0.5827916788955714,0.7037038453296425
0,L,RL,253,13,1.0,0.9511278195488722,0.9181916807152308,0.9712194611044427
1,H,HV,127,93,0.0,0.5772727272727273,0.5112189889151363,0.6406742313092518
1,H,RL,255,21,0.5,0.9239130434782609,0.8864891518281274,0.9496985988579972
1,V,HV,86,122,1.0,0.41346153846153844,0.34869774431826717,0.48136384891088946
1,V,RL,34,148,0.5,0.18681318681318682,0.13687713907860216,0.24969676793107698
1,R,HV,153,84,0.5,0.6455696202531646,0.5827916788955714,0.7037038453296425
1,R,RL,253,13,0.0,0.9511278195488722,0.9181916807152308,0.9712194611044427
1,L,HV,37,184,0.5,0.167420814479638,0.12397245040148253,0.22223353504700577
1,L,RL,151,93,1.0,0.6188524590163934,0.5565176229142125,0.677502949253099
2,H,HV,86,122,0.0,0.41346153846153844,0.34869774431826717,0.48136384891088946
2,H,RL,34,148,0.5,0.18681318681318682,0.13687713907860216,0.24969676793107698
2,V,HV,153,84,1.0,0.6455696202531646,0.5827916788955714,0.7037038453296425
2,V,RL,253,13,0.5,0.9511278195488722,0.9181916807152308,0.9712194611044427
2,R,HV,37,184,0.5,0.167420814479638,0.12397245040148253,0.22223353504700577
2,R,RL,151,93,0.0,0.6188524590163934,0.5565176229142125,0.677502949253099
2,L,HV,255,21,0.5,0.9239130434782609,0.8864891518281274,0.9496985988579972
2,L,RL,127,93,1.0,0.5772727272727273,0.5112189889151363,0.6406742313092518
3,H,HV,153,84,0.0,0.6455696202531646,0.5827916788955714,0.7037038453296425
3,H,RL,253,13,0.5,0.9511278195488722,0.9181916807152308,0.9712194611044427
3,V,HV,37,184,1.0,0.167420814479638,0.12397245040148253,0.22223353504700577
3,V,RL,151,93,0.5,0.6188524590163934,0.5565176229142125,0.677502949253099
3,R,HV,255,21,0.5,0.9239130434782609,0.8864891518281274,0.9496985988579972
3,R,RL,127,93,0.0,0.5772727272727273,0.5112189889151363,0.6406742313092518
3,L,HV,34,148,0.5,0.18681318681318682,0.13687713907860216,0.24969676793107698
3,L,RL,86,122,1.0,0.41346153846153844,0.34869774431826717,0.48136384891088946
4,H,HV,37,184,0.0,0.167420814479638,0.12397245040148253,0.22223353504700577
4,H,RL,151,93,0.5,0.6188524590163934,0.5565176229142125,0.677502949253099
4,V,HV,255,21,1.0,0.9239130434782609,0.8864891518281274,0.9496985988579972
4,V,RL,127,93,0.5,0.5772727272727273,0.5112189889151363,0.6406742313092518
4,R,HV,34,148,0.5,0.18681318681318682,0.13687713907860216,0.24969676793107698
4,R,RL,86,122,0.0,0.41346153846153844,0.34869774431826717,0.48136384891088946
4,L,HV,253,13,0.5,0.9511278195488722,0.9181916807152308,0.9712194611044427
4,L,RL,153,84,1.0,0.6455696202531646,0.5827916788955714,0.7037038453296425
5,H,HV,255,21,0.0,0.9239130434782609,0.8864891518281274,0.9496985988579972
5,H,RL,127,93,0.5,0.5772727272727273,0.5112189889151363,0.6406742313092518
5,V,HV,34,148,1.0,0.18681318681318682,0.13687713907860216,0.24969676793107698
5,V,RL,86,122,0.5,0.41346153846153844,0.34869774431826717,0.48136384891088946
5,R,HV,253,13,0.5,0.9511278195488722,0.9181916807152308,0.9712194611044427
5,R,RL,153,84,0.0,0.6455696202531646,0.5827916788955714,0.7037038453296425
5,L,HV,151,93,0.5,0.6188524590163934,0.5565176229142125,0.677502949253099
5,L,RL,37,184,1.0,0.167420814479638,0.12397245040148253,0.22223353504700577
6,H,HV,34,148,0.0,0.18681318681318682,0.13687713907860216,0.24969676793107698
6,H,RL,86,122,0.5,0.41346153846153844,0.34869774431826717,0.48136384891088946
6,V,HV,253,13,1.0,0.9511278195488722,0.9181916807152308,0.9712194611044427
6,V,RL,153,84,0.5,0.6455696202531646,0.5827916788955714,0.7037038453296425
6,R,HV,151,93,0.5,0.6188524590163934,0.5565176229142125,0.677502949253099
6,R,RL,37,184,0.0,0.167420814479638,0.12397245040148253,0.22223353504700577
6,L,HV,127,93,0.5,0.5772727272727273,0.5112189889151363,0.6406742313092518
6,L,RL,255,21,1.0,0.9239130434782609,0.8864891518281274,0.9496985988579972
7,H,HV,253,13,0.0,0.9511278195488722,0.9181916807152308,0.9712194611044427
7,H,RL,153,84,0.5,0.6455696202531646,0.5827916788955714,0.7037038453296425
7,V,HV,151,93,1.0,0.6188524590163934,0.5565176229142125,0.677502949253099
7,V,RL,37,184,0.5,0.167420814479638,0.12397245040148253,0.22223353504700577
7,R,HV,127,93,0.5,0.5772727272727273,0.5112189889151363,0.6406742313092518
7,R,RL,255,21,0.0,0.9239130434782609,0.8864891518281274,0.9496985988579972
7,L,HV,86,122,0.5,0.41346153846153844,0.34869774431826717,0.48136384891088946
7,L,RL,34,148,1.0,0.18681318681318682,0.13687713907860216,0.24969676793107698
