state,bob_setting,varied,alice_v,bob_v,target_ch1
S0,1,Alice,-154.54545454545453,27.27272727272728,0.0
S0,1,Alice,-152.27272727272725,27.27272727272728,0.0
S0,1,Alice,-150.0,27.27272727272728,0.0
S0,1,Alice,-147.72727272727272,27.27272727272728,0.0
S0,1,Alice,-145.45454545454544,27.27272727272728,0.0
S0,1,Alice,-143.18181818181816,27.27272727272728,0.0
S0,1,Alice,-140.90909090909088,27.27272727272728,0.0
S0,1,Alice,-138.63636363636363,27.27272727272728,0.0
S0,1,Alice,-136.36363636363635,27.27272727272728,0.0
S0,1,Bob,-145.45454545454544,18.181818181818187,0.0
S0,1,Bob,-145.45454545454544,20.45454545454546,0.0
S0,1,Bob,-145.45454545454544,22.727272727272734,0.0
S0,1,Bob,-145.45454545454544,25.000000000000007,0.0
S0,1,Bob,-145.45454545454544,29.545454545454554,0.0
S0,1,Bob,-145.45454545454544,31.818181818181827,0.0
S0,1,Bob,-145.45454545454544,34.0909090909091,0.0
S0,1,Bob,-145.45454545454544,36.363636363636374,0.0
S0,2,Alice,-154.54545454545453,-63.636363636363626,0.5
S0,2,Alice,-152.27272727272725,-63.636363636363626,0.5
S0,2,Alice,-150.0,-63.636363636363626,0.5
S0,2,Alice,-147.72727272727272,-63.636363636363626,0.5
S0,2,Alice,-145.45454545454544,-63.636363636363626,0.5
S0,2,Alice,-143.18181818181816,-63.636363636363626,0.5
S0,2,Alice,-140.90909090909088,-63.636363636363626,0.5
S0,2,Alice,-138.63636363636363,-63.636363636363626,0.5
S0,2,Alice,-136.36363636363635,-63.636363636363626,0.5
S0,2,Bob,-145.45454545454544,-72.72727272727272,0.5
S0,2,Bob,-145.45454545454544,-70.45454545454544,0.5
S0,2,Bob,-145.45454545454544,-68.18181818181817,0.5
S0,2,Bob,-145.45454545454544,-65.9090909090909,0.5
S0,2,Bob,-145.45454545454544,-61.36363636363635,0.5
S0,2,Bob,-145.45454545454544,-59.09090909090908,0.5
S0,2,Bob,-145.45454545454544,-56.818181818181806,0.5
S0,2,Bob,-145.45454545454544,-54.54545454545453,0.5
S1,1,Alice,-54.54545454545453,27.27272727272728,0.5
S1,1,Alice,-52.27272727272726,27.27272727272728,0.5
S1,1,Alice,-49.999999999999986,27.27272727272728,0.5
S1,1,Alice,-47.72727272727271,27.27272727272728,0.5
S1,1,Alice,-45.45454545454544,27.27272727272728,0.5
S1,1,Alice,-43.181818181818166,27.27272727272728,0.5
S1,1,Alice,-40.90909090909089,27.27272727272728,0.5
S1,1,Alice,-38.63636363636362,27.27272727272728,0.5
S1,1,Alice,-36.363636363636346,27.27272727272728,0.5
S1,1,Bob,-45.45454545454544,18.181818181818187,0.5
S1,1,Bob,-45.45454545454544,20.45454545454546,0.5
S1,1,Bob,-45.45454545454544,22.727272727272734,0.5
S1,1,Bob,-45.45454545454544,25.000000000000007,0.5
S1,1,Bob,-45.45454545454544,29.545454545454554,0.5
S1,1,Bob,-45.45454545454544,31.818181818181827,0.5
S1,1,Bob,-45.45454545454544,34.0909090909091,0.5
S1,1,Bob,-45.45454545454544,36.363636363636374,0.5
S1,2,Alice,-54.54545454545453,-63.636363636363626,0.0
S1,2,Alice,-52.27272727272726,-63.636363636363626,0.0
S1,2,Alice,-49.999999999999986,-63.636363636363626,0.0
S1,2,Alice,-47.72727272727271,-63.636363636363626,0.0
S1,2,Alice,-45.45454545454544,-63.636363636363626,0.0
S1,2,Alice,-43.181818181818166,-63.636363636363626,0.0
S1,2,Alice,-40.90909090909089,-63.636363636363626,0.0
S1,2,Alice,-38.63636363636362,-63.636363636363626,0.0
S1,2,Alice,-36.363636363636346,-63.636363636363626,0.0
S1,2,Bob,-45.45454545454544,-72.72727272727272,0.0
S1,2,Bob,-45.45454545454544,-70.45454545454544,0.0
S1,2,Bob,-45.45454545454544,-68.18181818181817,0.0
S1,2,Bob,-45.45454545454544,-65.9090909090909,0.0
S1,2,Bob,-45.45454545454544,-61.36363636363635,0.0
S1,2,Bob,-45.45454545454544,-59.09090909090908,0.0
S1,2,Bob,-45.45454545454544,-56.818181818181806,0.0
S1,2,Bob,-45.45454545454544,-54.54545454545453,0.0
S2,1,Alice,36.363636363636374,27.27272727272728,1.0
S2,1,Alice,38.63636363636365,27.27272727272728,1.0
S2,1,Alice,40.90909090909092,27.27272727272728,1.0
S2,1,Alice,43.181818181818194,27.27272727272728,1.0
S2,1,Alice,45.45454545454547,27.27272727272728,1.0
S2,1,Alice,47.72727272727274,27.27272727272728,1.0
S2,1,Alice,50.000000000000014,27.27272727272728,1.0
S2,1,Alice,52.27272727272729,27.27272727272728,1.0
S2,1,Alice,54.54545454545456,27.27272727272728,1.0
S2,1,Bob,45.45454545454547,18.181818181818187,1.0
S2,1,Bob,45.45454545454547,20.45454545454546,1.0
S2,1,Bob,45.45454545454547,22.727272727272734,1.0
S2,1,Bob,45.45454545454547,25.000000000000007,1.0
S2,1,Bob,45.45454545454547,29.545454545454554,1.0
S2,1,Bob,45.45454545454547,31.818181818181827,1.0
S2,1,Bob,45.45454545454547,34.0909090909091,1.0
S2,1,Bob,45.45454545454547,36.363636363636374,1.0
S2,2,Alice,36.363636363636374,-63.636363636363626,0.5
S2,2,Alice,38.63636363636365,-63.636363636363626,0.5
S2,2,Alice,40.90909090909092,-63.636363636363626,0.5
S2,2,Alice,43.181818181818194,-63.636363636363626,0.5
S2,2,Alice,45.45454545454547,-63.636363636363626,0.5
S2,2,Alice,47.72727272727274,-63.636363636363626,0.5
S2,2,Alice,50.000000000000014,-63.636363636363626,0.5
S2,2,Alice,52.27272727272729,-63.636363636363626,0.5
S2,2,Alice,54.54545454545456,-63.636363636363626,0.5
S2,2,Bob,45.45454545454547,-72.72727272727272,0.5
S2,2,Bob,45.45454545454547,-70.45454545454544,0.5
S2,2,Bob,45.45454545454547,-68.18181818181817,0.5
S2,2,Bob,45.45454545454547,-65.9090909090909,0.5
S2,2,Bob,45.45454545454547,-61.36363636363635,0.5
S2,2,Bob,45.45454545454547,-59.09090909090908,0.5
S2,2,Bob,45.45454545454547,-56.818181818181806,0.5
S2,2,Bob,45.45454545454547,-54.54545454545453,0.5
S3,1,Alice,163.63636363636365,27.27272727272728,0.5
S3,1,Alice,165.90909090909093,27.27272727272728,0.5
S3,1,Alice,168.1818181818182,27.27272727272728,0.5
S3,1,Alice,170.45454545454547,27.27272727272728,0.5
S3,1,Alice,172.72727272727275,27.27272727272728,0.5
S3,1,Alice,175.00000000000003,27.27272727272728,0.5
S3,1,Alice,177.2727272727273,27.27272727272728,0.5
S3,1,Alice,179.54545454545456,27.27272727272728,0.5
S3,1,Alice,181.81818181818184,27.27272727272728,0.5
S3,1,Bob,172.72727272727275,18.181818181818187,0.5
S3,1,Bob,172.72727272727275,20.45454545454546,0.5
S3,1,Bob,172.72727272727275,22.727272727272734,0.5
S3,1,Bob,172.72727272727275,25.000000000000007,0.5
S3,1,Bob,172.72727272727275,29.545454545454554,0.5
S3,1,Bob,172.72727272727275,31.818181818181827,0.5
S3,1,Bob,172.72727272727275,34.0909090909091,0.5
S3,1,Bob,172.72727272727275,36.363636363636374,0.5
S3,2,Alice,163.63636363636365,-63.636363636363626,1.0
S3,2,Alice,165.90909090909093,-63.636363636363626,1.0
S3,2,Alice,168.1818181818182,-63.636363636363626,1.0
S3,2,Alice,170.45454545454547,-63.636363636363626,1.0
S3,2,Alice,172.72727272727275,-63.636363636363626,1.0
S3,2,Alice,175.00000000000003,-63.636363636363626,1.0
S3,2,Alice,177.2727272727273,-63.636363636363626,1.0
S3,2,Alice,179.54545454545456,-63.636363636363626,1.0
S3,2,Alice,181.81818181818184,-63.636363636363626,1.0
S3,2,Bob,172.72727272727275,-72.72727272727272,1.0
S3,2,Bob,172.72727272727275,-70.45454545454544,1.0
S3,2,Bob,172.72727272727275,-68.18181818181817,1.0
S3,2,Bob,172.72727272727275,-65.9090909090909,1.0
S3,2,Bob,172.72727272727275,-61.36363636363635,1.0
S3,2,Bob,172.72727272727275,-59.09090909090908,1.0
S3,2,Bob,172.72727272727275,-56.818181818181806,1.0
S3,2,Bob,172.72727272727275,-54.54545454545453,1.0
