rank,training_score,training_targets_feasible,S0,S1,S2,S3,Bob1,Bob2
1,0.3808501496524808,True,-145.45454545454544,-45.45454545454544,45.45454545454547,172.72727272727275,27.27272727272728,-63.636363636363626
2,0.38278532229095474,True,-154.54545454545453,-63.636363636363626,45.45454545454547,154.54545454545456,45.45454545454547,-54.54545454545453
3,0.4038294585399923,True,-154.54545454545453,-63.636363636363626,27.27272727272728,154.54545454545456,45.45454545454547,-45.45454545454544
4,0.4331082017030895,True,-154.54545454545453,-72.72727272727272,36.36363636363637,145.4545454545455,54.54545454545456,-54.54545454545453
5,0.4366936431089488,True,-145.45454545454544,-54.54545454545453,45.45454545454547,163.63636363636368,36.36363636363637,-63.636363636363626
6,0.4425319801618976,True,-145.45454545454544,-45.45454545454544,36.36363636363637,172.72727272727275,27.27272727272728,-54.54545454545453
7,0.4539435352816062,True,-154.54545454545453,-72.72727272727272,27.27272727272728,145.4545454545455,54.54545454545456,-45.45454545454544
8,0.4871215274560162,True,-136.36363636363637,-36.363636363636346,54.54545454545456,172.72727272727275,27.27272727272728,-72.72727272727272
9,0.5155469287377296,True,-154.54545454545453,-63.636363636363626,45.45454545454547,163.63636363636368,36.36363636363637,-54.54545454545453
10,0.5265477943203828,True,-136.36363636363637,-36.363636363636346,54.54545454545456,181.81818181818187,18.181818181818187,-72.72727272727272
11,0.5475431583362524,True,-154.54545454545453,-54.54545454545453,27.27272727272728,163.63636363636368,36.36363636363637,-45.45454545454544
12,0.5890306016226086,True,-136.36363636363637,-36.363636363636346,45.45454545454547,181.81818181818187,18.181818181818187,-63.636363636363626
13,0.40626767838214817,False,-145.45454545454544,-63.636363636363626,45.45454545454547,154.54545454545456,45.45454545454547,-63.636363636363626
14,0.43964976776069475,False,-163.63636363636363,-81.81818181818181,27.27272727272728,145.4545454545455,63.63636363636368,-45.45454545454544
15,0.45331838910541866,False,-172.72727272727272,-81.81818181818181,18.181818181818187,136.36363636363637,63.63636363636368,-36.363636363636346
16,0.4827121101374772,False,-154.54545454545453,-81.81818181818181,36.36363636363637,145.4545454545455,63.63636363636368,-54.54545454545453
17,0.48505179168925566,False,-172.72727272727272,-72.72727272727272,18.181818181818187,145.4545454545455,54.54545454545456,-36.363636363636346
18,0.5095876423612097,False,-136.36363636363637,-54.54545454545453,54.54545454545456,163.63636363636368,36.36363636363637,-72.72727272727272
19,0.5355749587562159,False,-172.72727272727272,-63.636363636363626,18.181818181818187,154.54545454545456,45.45454545454547,-36.363636363636346
20,0.5720239207682136,False,-136.36363636363637,-63.636363636363626,54.54545454545456,154.54545454545456,45.45454545454547,-72.72727272727272
