-7.000	7.000	19.000	20.000	20.000	13.000	31.000	44.000	19.000	15.000	5.000	21.000	52.000	160.000	77.000	21.000	2.000	-2.000	1.000	5.000	-6.000	-9.000	-7.000	-9.000	1.000	28.000	62.000	52.000	-2.000	-8.000	-3.000	-2.000	-4.000	5.000	-3.000	-10.000	-7.000	-7.000	-7.000	3.000	16.000	-3.000	-4.000	-1.000	-6.000	-4.000	-1.000	4.000	0.000	-2.000	4.000	25.000	4.000	-6.000	-2.000	-8.000	-1.000	0.000	11.000	2.000	-4.000	-3.000	-3.000	-4.000	0.000	-2.000	5.000	-5.000	11.000	14.000	6.000	9.000	9.000	25.000	78.000	106.000	40.000	5.000	3.000	-1.000	8.000	39.000	126.000	89.000	62.000	67.000	62.000	21.000	55.000	223.000	325.000	555.000	505.000	388.000	461.000	560.000	660.000	526.000	280.000
6.000	2.000	-2.000	12.000	24.000	33.000	46.000	15.000	20.000	15.000	13.000	37.000	33.000	177.000	146.000	119.000	35.000	15.000	18.000	4.000	8.000	4.000	-5.000	-5.000	9.000	15.000	46.000	33.000	-4.000	-8.000	-3.000	-8.000	-4.000	20.000	23.000	7.000	-10.000	-7.000	-10.000	1.000	9.000	1.000	-9.000	-1.000	0.000	6.000	3.000	-3.000	13.000	31.000	-3.000	-12.000	-2.000	-7.000	-10.000	4.000	-4.000	4.000	13.000	-7.000	-8.000	5.000	-3.000	-7.000	3.000	8.000	0.000	-6.000	-6.000	10.000	0.000	7.000	13.000	15.000	77.000	65.000	34.000	19.000	-2.000	25.000	10.000	45.000	78.000	97.000	92.000	34.000	15.000	9.000	40.000	142.000	372.000	540.000	944.000	848.000	971.000	713.000	548.000	357.000	231.000
2.000	5.000	-5.000	-3.000	31.000	88.000	2.000	16.000	16.000	23.000	5.000	25.000	17.000	181.000	97.000	119.000	23.000	22.000	20.000	8.000	4.000	13.000	6.000	6.000	15.000	13.000	14.000	2.000	-8.000	-3.000	1.000	8.000	97.000	37.000	30.000	24.000	3.000	-13.000	-4.000	4.000	0.000	-7.000	-10.000	-7.000	3.000	22.000	4.000	-5.000	4.000	35.000	10.000	18.000	0.000	-10.000	-1.000	0.000	-1.000	28.000	10.000	12.000	4.000	18.000	22.000	1.000	14.000	29.000	8.000	1.000	3.000	46.000	9.000	-4.000	-11.000	11.000	13.000	35.000	63.000	107.000	47.000	96.000	46.000	198.000	246.000	128.000	103.000	28.000	43.000	59.000	32.000	80.000	232.000	468.000	641.000	476.000	644.000	559.000	473.000	375.000	272.000
4.000	6.000	-4.000	16.000	26.000	20.000	19.000	-5.000	2.000	15.000	-3.000	2.000	5.000	41.000	39.000	44.000	9.000	11.000	-7.000	24.000	16.000	37.000	25.000	0.000	14.000	1.000	4.000	-9.000	0.000	-6.000	15.000	35.000	271.000	47.000	25.000	39.000	13.000	3.000	-7.000	4.000	9.000	5.000	-7.000	-4.000	18.000	51.000	26.000	-4.000	18.000	57.000	24.000	9.000	-6.000	-12.000	4.000	-6.000	2.000	2.000	-1.000	14.000	10.000	15.000	34.000	12.000	60.000	135.000	119.000	63.000	9.000	53.000	7.000	0.000	7.000	1.000	9.000	5.000	4.000	55.000	44.000	57.000	53.000	251.000	201.000	106.000	48.000	31.000	49.000	93.000	64.000	57.000	198.000	271.000	233.000	297.000	266.000	340.000	408.000	361.000	245.000
9.000	7.000	-4.000	33.000	20.000	7.000	10.000	2.000	14.000	-1.000	10.000	-3.000	12.000	12.000	64.000	26.000	-8.000	-2.000	-15.000	5.000	10.000	109.000	67.000	25.000	12.000	-5.000	1.000	-5.000	18.000	3.000	0.000	9.000	36.000	19.000	68.000	75.000	12.000	4.000	1.000	-6.000	-5.000	2.000	1.000	-16.000	15.000	47.000	33.000	13.000	7.000	15.000	-2.000	-9.000	-12.000	-10.000	-7.000	-15.000	-14.000	-5.000	12.000	13.000	3.000	3.000	0.000	31.000	109.000	196.000	291.000	123.000	3.000	9.000	5.000	8.000	-3.000	-1.000	7.000	-11.000	6.000	22.000	9.000	20.000	33.000	49.000	57.000	65.000	38.000	58.000	81.000	141.000	125.000	232.000	148.000	162.000	224.000	315.000	276.000	229.000	290.000	330.000	267.000
-7.000	9.000	-7.000	-8.000	-4.000	0.000	13.000	36.000	206.000	154.000	18.000	3.000	11.000	46.000	2.000	2.000	-5.000	-5.000	-3.000	-10.000	2.000	24.000	35.000	81.000	44.000	5.000	23.000	127.000	11.000	7.000	-3.000	-4.000	2.000	19.000	72.000	86.000	54.000	17.000	-9.000	3.000	-8.000	-6.000	3.000	-5.000	-10.000	7.000	20.000	-5.000	-6.000	0.000	-10.000	-12.000	2.000	4.000	-9.000	-4.000	-6.000	26.000	35.000	11.000	0.000	9.000	1.000	33.000	62.000	86.000	155.000	46.000	-5.000	-7.000	12.000	35.000	-7.000	1.000	18.000	28.000	26.000	30.000	26.000	50.000	32.000	66.000	35.000	33.000	40.000	84.000	92.000	162.000	174.000	311.000	184.000	207.000	251.000	301.000	373.000	446.000	332.000	254.000	196.000
-1.000	-1.000	-13.000	-11.000	-10.000	8.000	3.000	117.000	1259.000	638.000	50.000	-2.000	-3.000	75.000	39.000	13.000	21.000	6.000	3.000	-1.000	-10.000	10.000	11.000	44.000	101.000	42.000	30.000	228.000	36.000	25.000	19.000	3.000	-15.000	32.000	72.000	118.000	76.000	7.000	16.000	-12.000	-8.000	2.000	7.000	1.000	-15.000	-6.000	1.000	25.000	-4.000	-10.000	1.000	-3.000	-10.000	8.000	5.000	-4.000	-9.000	17.000	46.000	2.000	4.000	-8.000	-3.000	4.000	-4.000	14.000	19.000	16.000	-8.000	-3.000	6.000	34.000	-3.000	4.000	57.000	69.000	59.000	50.000	12.000	13.000	8.000	91.000	64.000	47.000	12.000	10.000	42.000	91.000	104.000	83.000	110.000	107.000	171.000	226.000	372.000	755.000	507.000	171.000	189.000
-2.000	2.000	18.000	19.000	-5.000	22.000	43.000	125.000	1150.000	446.000	10.000	-10.000	-7.000	5.000	-1.000	1.000	7.000	-4.000	-10.000	-2.000	-6.000	-3.000	-3.000	16.000	57.000	14.000	19.000	23.000	10.000	24.000	2.000	2.000	-17.000	21.000	32.000	411.000	278.000	13.000	-6.000	1.000	-12.000	-7.000	-6.000	10.000	-3.000	0.000	1.000	50.000	2.000	2.000	2.000	0.000	10.000	-4.000	-12.000	-15.000	-14.000	-3.000	22.000	7.000	-1.000	-8.000	2.000	-4.000	6.000	-13.000	9.000	2.000	3.000	-2.000	12.000	8.000	-6.000	2.000	14.000	13.000	11.000	38.000	22.000	0.000	4.000	33.000	43.000	19.000	14.000	9.000	36.000	49.000	75.000	66.000	88.000	63.000	107.000	108.000	184.000	567.000	443.000	146.000	126.000
9.000	1.000	-1.000	17.000	16.000	41.000	14.000	32.000	136.000	73.000	5.000	8.000	-9.000	-5.000	-7.000	10.000	-3.000	-13.000	-10.000	8.000	-1.000	-6.000	9.000	4.000	6.000	-6.000	1.000	4.000	16.000	0.000	20.000	15.000	9.000	7.000	54.000	333.000	323.000	-15.000	8.000	-1.000	-4.000	-10.000	-7.000	-6.000	-12.000	-5.000	14.000	16.000	52.000	10.000	-4.000	-3.000	5.000	-5.000	-9.000	14.000	-10.000	-1.000	-9.000	-9.000	-7.000	-8.000	-6.000	4.000	16.000	-14.000	-7.000	6.000	5.000	4.000	-1.000	3.000	20.000	4.000	1.000	-9.000	11.000	47.000	14.000	2.000	-4.000	8.000	26.000	16.000	19.000	38.000	12.000	22.000	71.000	57.000	101.000	100.000	105.000	137.000	106.000	298.000	225.000	70.000	73.000
3.000	-9.000	-2.000	13.000	9.000	15.000	7.000	39.000	39.000	28.000	42.000	36.000	12.000	-4.000	-10.000	-4.000	-8.000	-6.000	-2.000	8.000	-15.000	19.000	18.000	-5.000	-5.000	-8.000	4.000	2.000	7.000	-9.000	15.000	17.000	127.000	26.000	15.000	43.000	34.000	-12.000	11.000	12.000	-3.000	3.000	-11.000	4.000	-5.000	7.000	-13.000	21.000	56.000	6.000	-1.000	15.000	1.000	-6.000	6.000	4.000	10.000	3.000	-2.000	-10.000	-6.000	-2.000	26.000	149.000	361.000	35.000	-1.000	15.000	-13.000	-3.000	14.000	54.000	33.000	25.000	15.000	-2.000	3.000	18.000	11.000	8.000	-4.000	16.000	18.000	24.000	24.000	9.000	2.000	4.000	84.000	70.000	76.000	92.000	49.000	57.000	91.000	124.000	74.000	36.000	75.000
-4.000	-3.000	-6.000	8.000	9.000	9.000	26.000	55.000	89.000	27.000	4.000	27.000	4.000	-9.000	-10.000	10.000	-7.000	-6.000	-2.000	-9.000	2.000	-5.000	19.000	-12.000	1.000	-8.000	-8.000	2.000	18.000	12.000	-2.000	4.000	73.000	51.000	1.000	9.000	11.000	-5.000	2.000	3.000	-1.000	4.000	-2.000	-2.000	0.000	2.000	3.000	32.000	132.000	43.000	13.000	5.000	8.000	-1.000	-11.000	-4.000	-7.000	-5.000	0.000	8.000	0.000	21.000	20.000	166.000	472.000	114.000	22.000	-12.000	-7.000	13.000	17.000	83.000	49.000	29.000	34.000	2.000	14.000	22.000	22.000	20.000	12.000	4.000	19.000	7.000	24.000	4.000	22.000	21.000	46.000	41.000	24.000	62.000	31.000	98.000	37.000	39.000	17.000	38.000	65.000
38.000	27.000	13.000	12.000	-3.000	-10.000	22.000	179.000	260.000	128.000	16.000	8.000	2.000	-9.000	-2.000	26.000	15.000	-5.000	8.000	-2.000	17.000	18.000	24.000	22.000	15.000	-3.000	-7.000	3.000	19.000	42.000	-4.000	9.000	-4.000	28.000	8.000	9.000	20.000	6.000	-3.000	5.000	15.000	17.000	-5.000	3.000	4.000	-2.000	1.000	10.000	153.000	108.000	3.000	-3.000	-9.000	-2.000	-6.000	-14.000	7.000	-2.000	14.000	3.000	15.000	2.000	3.000	39.000	118.000	55.000	-3.000	6.000	-7.000	20.000	25.000	57.000	36.000	8.000	12.000	7.000	9.000	83.000	59.000	-1.000	-1.000	22.000	11.000	1.000	8.000	17.000	75.000	24.000	26.000	28.000	31.000	29.000	81.000	181.000	175.000	154.000	60.000	30.000	78.000
126.000	52.000	29.000	-10.000	-8.000	6.000	18.000	131.000	168.000	79.000	18.000	6.000	27.000	26.000	26.000	29.000	15.000	27.000	51.000	66.000	36.000	11.000	2.000	25.000	17.000	8.000	16.000	3.000	-2.000	17.000	20.000	1.000	-3.000	13.000	43.000	8.000	-10.000	5.000	9.000	25.000	47.000	10.000	19.000	10.000	3.000	0.000	14.000	29.000	87.000	169.000	49.000	15.000	-1.000	7.000	-1.000	-1.000	18.000	16.000	-7.000	7.000	46.000	-1.000	-9.000	-12.000	26.000	95.000	1.000	0.000	-2.000	2.000	6.000	23.000	15.000	-11.000	5.000	1.000	2.000	56.000	11.000	-7.000	3.000	14.000	15.000	-11.000	18.000	-4.000	52.000	34.000	7.000	22.000	25.000	7.000	47.000	157.000	292.000	180.000	103.000	57.000	52.000
104.000	88.000	41.000	18.000	21.000	40.000	33.000	37.000	59.000	34.000	22.000	5.000	22.000	35.000	53.000	65.000	61.000	46.000	44.000	91.000	114.000	14.000	6.000	-4.000	-14.000	-3.000	4.000	-6.000	11.000	-2.000	0.000	6.000	-2.000	10.000	28.000	20.000	-7.000	-4.000	-13.000	33.000	-1.000	19.000	54.000	59.000	3.000	19.000	30.000	119.000	94.000	244.000	96.000	61.000	11.000	42.000	13.000	4.000	0.000	8.000	20.000	20.000	46.000	21.000	22.000	4.000	28.000	152.000	44.000	-9.000	12.000	3.000	1.000	5.000	14.000	16.000	1.000	13.000	3.000	0.000	9.000	-1.000	-5.000	18.000	11.000	-6.000	18.000	22.000	40.000	61.000	49.000	66.000	47.000	8.000	60.000	131.000	237.000	201.000	153.000	73.000	50.000
48.000	16.000	5.000	28.000	16.000	24.000	20.000	28.000	50.000	44.000	56.000	34.000	39.000	77.000	119.000	129.000	56.000	83.000	75.000	119.000	152.000	101.000	30.000	17.000	-7.000	5.000	3.000	-13.000	5.000	24.000	11.000	1.000	-3.000	5.000	18.000	16.000	3.000	34.000	24.000	13.000	32.000	-2.000	32.000	37.000	56.000	66.000	66.000	102.000	45.000	236.000	205.000	52.000	26.000	100.000	91.000	6.000	9.000	31.000	25.000	33.000	93.000	37.000	4.000	39.000	57.000	111.000	62.000	10.000	-1.000	12.000	-6.000	-5.000	26.000	26.000	0.000	5.000	-7.000	15.000	15.000	15.000	15.000	12.000	34.000	37.000	113.000	215.000	88.000	82.000	138.000	248.000	98.000	47.000	79.000	130.000	243.000	421.000	276.000	108.000	70.000
45.000	3.000	-2.000	-11.000	18.000	30.000	30.000	31.000	66.000	88.000	165.000	97.000	95.000	215.000	140.000	255.000	113.000	124.000	121.000	108.000	149.000	177.000	93.000	30.000	33.000	3.000	-3.000	-12.000	-9.000	-4.000	-7.000	3.000	-1.000	0.000	26.000	29.000	38.000	127.000	61.000	4.000	26.000	35.000	19.000	4.000	71.000	112.000	42.000	26.000	11.000	76.000	241.000	35.000	20.000	93.000	95.000	40.000	-1.000	13.000	46.000	57.000	57.000	21.000	59.000	91.000	129.000	39.000	26.000	4.000	11.000	6.000	-7.000	-17.000	18.000	42.000	2.000	29.000	24.000	8.000	-9.000	-3.000	11.000	16.000	25.000	68.000	172.000	351.000	232.000	321.000	613.000	896.000	469.000	109.000	169.000	213.000	472.000	775.000	535.000	197.000	32.000
68.000	4.000	30.000	0.000	9.000	61.000	70.000	50.000	146.000	472.000	689.000	508.000	595.000	565.000	332.000	261.000	175.000	280.000	170.000	238.000	137.000	98.000	72.000	53.000	107.000	20.000	36.000	36.000	7.000	2.000	-1.000	-2.000	-10.000	-12.000	12.000	51.000	49.000	55.000	54.000	6.000	12.000	-2.000	2.000	15.000	33.000	44.000	47.000	9.000	15.000	128.000	436.000	109.000	10.000	25.000	40.000	9.000	-11.000	-2.000	30.000	30.000	7.000	-4.000	50.000	258.000	424.000	55.000	11.000	34.000	20.000	21.000	11.000	14.000	9.000	54.000	24.000	41.000	82.000	127.000	76.000	42.000	45.000	42.000	80.000	236.000	345.000	428.000	624.000	867.000	1156.000	1552.000	1267.000	292.000	171.000	499.000	953.000	929.000	506.000	296.000	121.000
33.000	34.000	21.000	3.000	23.000	48.000	40.000	89.000	403.000	689.000	1421.000	1266.000	1016.000	870.000	410.000	285.000	149.000	210.000	143.000	239.000	179.000	114.000	87.000	153.000	196.000	25.000	49.000	49.000	49.000	18.000	5.000	-2.000	2.000	0.000	17.000	19.000	109.000	74.000	25.000	5.000	32.000	27.000	6.000	32.000	20.000	58.000	42.000	1.000	77.000	146.000	500.000	254.000	37.000	12.000	11.000	7.000	-13.000	-3.000	-3.000	17.000	29.000	12.000	30.000	270.000	559.000	166.000	12.000	15.000	0.000	10.000	37.000	27.000	4.000	22.000	29.000	20.000	154.000	262.000	245.000	148.000	106.000	69.000	50.000	245.000	442.000	529.000	743.000	1129.000	947.000	856.000	1033.000	350.000	215.000	780.000	1303.000	736.000	339.000	331.000	147.000
125.000	77.000	42.000	34.000	7.000	33.000	55.000	116.000	523.000	761.000	1853.000	1375.000	834.000	609.000	283.000	265.000	179.000	159.000	81.000	166.000	195.000	83.000	142.000	89.000	74.000	55.000	31.000	19.000	29.000	17.000	5.000	15.000	41.000	22.000	104.000	78.000	83.000	35.000	17.000	10.000	15.000	56.000	40.000	20.000	54.000	39.000	81.000	29.000	48.000	285.000	675.000	526.000	115.000	47.000	4.000	18.000	3.000	22.000	36.000	91.000	135.000	159.000	109.000	121.000	282.000	108.000	-7.000	9.000	3.000	39.000	64.000	29.000	17.000	5.000	6.000	3.000	27.000	151.000	133.000	82.000	56.000	24.000	31.000	158.000	448.000	452.000	469.000	711.000	529.000	565.000	462.000	168.000	272.000	795.000	937.000	571.000	410.000	304.000	173.000
452.000	280.000	273.000	131.000	17.000	41.000	48.000	222.000	770.000	1007.000	1546.000	1099.000	1067.000	965.000	416.000	393.000	157.000	177.000	142.000	156.000	165.000	134.000	124.000	143.000	77.000	274.000	200.000	90.000	29.000	7.000	7.000	13.000	43.000	30.000	182.000	243.000	63.000	9.000	-3.000	22.000	27.000	205.000	115.000	102.000	179.000	108.000	96.000	69.000	62.000	320.000	751.000	874.000	302.000	36.000	17.000	22.000	1.000	62.000	137.000	321.000	409.000	421.000	416.000	304.000	135.000	77.000	74.000	40.000	17.000	62.000	55.000	46.000	59.000	26.000	17.000	6.000	27.000	39.000	78.000	51.000	77.000	56.000	106.000	93.000	197.000	232.000	158.000	257.000	294.000	192.000	96.000	85.000	228.000	568.000	747.000	778.000	693.000	236.000	211.000
914.000	615.000	250.000	145.000	16.000	30.000	99.000	440.000	1053.000	1070.000	963.000	738.000	1021.000	1563.000	909.000	709.000	229.000	208.000	193.000	218.000	158.000	152.000	138.000	115.000	118.000	492.000	475.000	117.000	23.000	34.000	15.000	5.000	21.000	11.000	170.000	274.000	89.000	11.000	52.000	30.000	62.000	375.000	327.000	299.000	247.000	291.000	225.000	177.000	251.000	333.000	712.000	899.000	677.000	241.000	127.000	62.000	118.000	168.000	386.000	661.000	661.000	663.000	587.000	650.000	513.000	197.000	183.000	219.000	148.000	173.000	101.000	194.000	241.000	268.000	120.000	24.000	42.000	49.000	100.000	98.000	398.000	276.000	155.000	96.000	94.000	88.000	16.000	209.000	487.000	604.000	118.000	83.000	313.000	427.000	494.000	487.000	270.000	89.000	105.000
1118.000	618.000	176.000	36.000	-8.000	16.000	115.000	469.000	848.000	1196.000	1286.000	944.000	945.000	1674.000	2519.000	1447.000	592.000	365.000	535.000	164.000	134.000	138.000	110.000	112.000	85.000	224.000	167.000	46.000	20.000	25.000	60.000	14.000	29.000	24.000	150.000	227.000	137.000	24.000	70.000	47.000	80.000	319.000	679.000	311.000	162.000	283.000	220.000	175.000	248.000	236.000	520.000	825.000	1026.000	695.000	360.000	237.000	226.000	240.000	432.000	648.000	827.000	752.000	494.000	543.000	565.000	495.000	366.000	441.000	269.000	174.000	183.000	374.000	446.000	545.000	333.000	68.000	27.000	43.000	153.000	199.000	300.000	152.000	70.000	84.000	60.000	40.000	17.000	206.000	779.000	597.000	144.000	148.000	330.000	324.000	461.000	437.000	115.000	31.000	17.000
753.000	387.000	38.000	9.000	-8.000	10.000	78.000	301.000	853.000	1317.000	1541.000	1956.000	1224.000	2468.000	3057.000	1891.000	781.000	224.000	428.000	185.000	176.000	149.000	84.000	43.000	49.000	23.000	60.000	23.000	42.000	22.000	17.000	27.000	-2.000	23.000	59.000	114.000	89.000	20.000	19.000	45.000	30.000	322.000	559.000	179.000	78.000	67.000	52.000	57.000	45.000	80.000	268.000	658.000	579.000	510.000	340.000	179.000	102.000	133.000	122.000	330.000	461.000	468.000	315.000	259.000	219.000	161.000	160.000	166.000	261.000	72.000	60.000	281.000	458.000	491.000	449.000	98.000	27.000	133.000	344.000	179.000	16.000	13.000	16.000	36.000	33.000	36.000	21.000	65.000	274.000	131.000	186.000	359.000	351.000	519.000	991.000	713.000	158.000	20.000	14.000
199.000	54.000	4.000	8.000	29.000	55.000	66.000	248.000	573.000	827.000	1023.000	1739.000	1160.000	2170.000	2918.000	1530.000	922.000	341.000	133.000	161.000	294.000	164.000	63.000	53.000	43.000	11.000	11.000	10.000	20.000	17.000	9.000	-6.000	5.000	-7.000	-8.000	16.000	11.000	15.000	62.000	42.000	20.000	173.000	91.000	21.000	-4.000	11.000	13.000	31.000	14.000	6.000	63.000	271.000	208.000	146.000	62.000	43.000	18.000	21.000	34.000	69.000	104.000	44.000	97.000	93.000	21.000	15.000	11.000	72.000	1251.000	591.000	15.000	96.000	254.000	249.000	249.000	76.000	12.000	228.000	326.000	96.000	31.000	13.000	19.000	40.000	37.000	67.000	77.000	36.000	66.000	90.000	281.000	360.000	508.000	810.000	1276.000	744.000	187.000	60.000	25.000
33.000	34.000	17.000	30.000	38.000	41.000	48.000	84.000	237.000	515.000	706.000	933.000	1220.000	2513.000	2978.000	1623.000	948.000	330.000	156.000	175.000	210.000	151.000	84.000	52.000	34.000	13.000	-1.000	11.000	6.000	16.000	-8.000	15.000	7.000	-16.000	-3.000	17.000	9.000	32.000	22.000	25.000	159.000	237.000	35.000	24.000	34.000	13.000	6.000	2.000	25.000	9.000	5.000	84.000	37.000	44.000	9.000	28.000	24.000	19.000	28.000	35.000	37.000	-3.000	-5.000	18.000	13.000	79.000	16.000	55.000	725.000	619.000	4.000	22.000	31.000	51.000	97.000	89.000	72.000	114.000	73.000	80.000	0.000	0.000	41.000	14.000	58.000	88.000	48.000	39.000	63.000	160.000	332.000	456.000	494.000	706.000	885.000	697.000	339.000	136.000	71.000
94.000	132.000	146.000	223.000	71.000	55.000	60.000	19.000	32.000	40.000	242.000	530.000	892.000	1305.000	1285.000	1171.000	725.000	170.000	190.000	199.000	135.000	41.000	33.000	54.000	60.000	3.000	-6.000	4.000	18.000	50.000	-3.000	25.000	4.000	6.000	-6.000	9.000	53.000	81.000	5.000	52.000	273.000	210.000	14.000	5.000	20.000	7.000	1.000	-3.000	12.000	-5.000	16.000	9.000	-4.000	16.000	6.000	13.000	35.000	117.000	57.000	25.000	32.000	8.000	13.000	1.000	-3.000	29.000	10.000	28.000	72.000	27.000	-10.000	-3.000	3.000	0.000	36.000	176.000	198.000	41.000	9.000	-1.000	-9.000	1.000	63.000	24.000	88.000	64.000	44.000	55.000	101.000	400.000	401.000	430.000	561.000	497.000	502.000	362.000	238.000	104.000	42.000
137.000	418.000	875.000	642.000	173.000	76.000	52.000	27.000	61.000	24.000	66.000	241.000	587.000	613.000	644.000	463.000	312.000	138.000	149.000	99.000	90.000	77.000	12.000	40.000	5.000	20.000	15.000	-8.000	69.000	78.000	35.000	29.000	14.000	3.000	10.000	24.000	136.000	201.000	22.000	111.000	243.000	42.000	-6.000	-6.000	44.000	51.000	31.000	24.000	1.000	16.000	6.000	13.000	-5.000	-3.000	6.000	-2.000	6.000	112.000	85.000	56.000	42.000	12.000	17.000	5.000	-2.000	15.000	42.000	2.000	-3.000	-1.000	-15.000	-4.000	-18.000	-11.000	67.000	505.000	508.000	38.000	-8.000	0.000	11.000	12.000	32.000	21.000	46.000	72.000	35.000	79.000	305.000	859.000	547.000	316.000	421.000	418.000	349.000	173.000	129.000	98.000	13.000
123.000	555.000	1235.000	893.000	219.000	115.000	96.000	90.000	43.000	40.000	53.000	166.000	372.000	172.000	131.000	222.000	242.000	178.000	141.000	95.000	104.000	156.000	94.000	28.000	93.000	53.000	55.000	30.000	63.000	79.000	51.000	47.000	35.000	18.000	-1.000	17.000	60.000	81.000	27.000	138.000	64.000	3.000	19.000	-4.000	10.000	27.000	30.000	42.000	13.000	60.000	55.000	25.000	4.000	-12.000	21.000	-6.000	9.000	11.000	25.000	56.000	20.000	20.000	54.000	31.000	1.000	5.000	-1.000	15.000	7.000	-10.000	2.000	-2.000	1.000	10.000	26.000	248.000	371.000	7.000	-3.000	11.000	17.000	17.000	5.000	38.000	30.000	53.000	42.000	61.000	362.000	855.000	578.000	304.000	570.000	455.000	276.000	97.000	181.000	135.000	10.000
148.000	388.000	928.000	539.000	174.000	145.000	299.000	295.000	100.000	51.000	28.000	78.000	101.000	68.000	61.000	94.000	106.000	140.000	160.000	107.000	100.000	132.000	72.000	92.000	137.000	138.000	129.000	59.000	42.000	26.000	115.000	96.000	54.000	12.000	-2.000	-3.000	18.000	26.000	9.000	45.000	-2.000	19.000	15.000	-2.000	-4.000	-13.000	2.000	0.000	27.000	98.000	29.000	10.000	37.000	-12.000	9.000	-5.000	7.000	14.000	59.000	51.000	25.000	67.000	157.000	14.000	7.000	24.000	33.000	42.000	17.000	1.000	19.000	28.000	1.000	5.000	13.000	62.000	148.000	24.000	-7.000	-2.000	17.000	12.000	23.000	32.000	14.000	11.000	23.000	51.000	245.000	536.000	398.000	606.000	783.000	386.000	194.000	60.000	127.000	80.000	12.000
75.000	130.000	217.000	138.000	126.000	118.000	179.000	189.000	88.000	21.000	28.000	34.000	31.000	33.000	34.000	42.000	32.000	152.000	146.000	116.000	117.000	26.000	51.000	51.000	89.000	107.000	246.000	83.000	53.000	98.000	192.000	275.000	190.000	58.000	12.000	2.000	35.000	25.000	34.000	7.000	0.000	29.000	13.000	-5.000	33.000	25.000	1.000	-8.000	21.000	81.000	31.000	21.000	3.000	6.000	-5.000	-3.000	2.000	25.000	39.000	30.000	18.000	36.000	50.000	57.000	38.000	82.000	23.000	13.000	-2.000	-5.000	17.000	22.000	21.000	-6.000	13.000	2.000	50.000	48.000	-10.000	-9.000	4.000	-1.000	14.000	13.000	37.000	11.000	37.000	127.000	183.000	193.000	252.000	284.000	381.000	223.000	172.000	46.000	138.000	105.000	23.000
34.000	25.000	69.000	159.000	219.000	115.000	57.000	75.000	31.000	73.000	66.000	57.000	64.000	45.000	13.000	12.000	36.000	69.000	46.000	90.000	29.000	24.000	25.000	47.000	45.000	47.000	145.000	111.000	40.000	135.000	146.000	85.000	231.000	221.000	61.000	12.000	20.000	44.000	67.000	20.000	5.000	5.000	18.000	6.000	13.000	65.000	55.000	33.000	6.000	46.000	54.000	69.000	24.000	63.000	-13.000	6.000	40.000	30.000	15.000	19.000	-9.000	23.000	89.000	41.000	182.000	299.000	49.000	1.000	-10.000	-1.000	12.000	16.000	24.000	8.000	15.000	8.000	15.000	45.000	-2.000	7.000	23.000	7.000	45.000	42.000	48.000	71.000	95.000	66.000	36.000	41.000	59.000	124.000	175.000	193.000	119.000	86.000	156.000	76.000	42.000
59.000	21.000	110.000	363.000	427.000	174.000	67.000	51.000	38.000	51.000	86.000	96.000	134.000	26.000	16.000	2.000	24.000	21.000	35.000	32.000	19.000	44.000	16.000	42.000	43.000	-7.000	54.000	33.000	16.000	56.000	19.000	26.000	147.000	314.000	82.000	83.000	149.000	145.000	27.000	38.000	15.000	24.000	51.000	23.000	30.000	178.000	137.000	76.000	40.000	50.000	76.000	189.000	125.000	96.000	62.000	34.000	56.000	76.000	29.000	29.000	9.000	64.000	104.000	44.000	120.000	241.000	64.000	27.000	-6.000	40.000	40.000	37.000	26.000	41.000	19.000	106.000	32.000	11.000	22.000	13.000	39.000	30.000	-2.000	38.000	71.000	95.000	55.000	12.000	39.000	12.000	1.000	36.000	37.000	100.000	90.000	224.000	164.000	88.000	35.000
105.000	59.000	139.000	451.000	388.000	193.000	39.000	37.000	31.000	53.000	198.000	454.000	373.000	98.000	19.000	26.000	24.000	77.000	71.000	141.000	192.000	179.000	105.000	126.000	113.000	86.000	58.000	23.000	17.000	37.000	15.000	12.000	40.000	99.000	75.000	113.000	516.000	200.000	14.000	21.000	31.000	26.000	41.000	45.000	64.000	198.000	201.000	60.000	52.000	73.000	220.000	670.000	179.000	83.000	203.000	168.000	52.000	44.000	48.000	15.000	2.000	26.000	34.000	36.000	63.000	64.000	29.000	41.000	-4.000	22.000	38.000	34.000	18.000	42.000	5.000	726.000	411.000	3.000	30.000	20.000	18.000	11.000	17.000	28.000	85.000	91.000	36.000	4.000	42.000	35.000	6.000	7.000	27.000	41.000	53.000	129.000	130.000	55.000	40.000
108.000	30.000	142.000	234.000	294.000	166.000	43.000	44.000	64.000	172.000	520.000	1089.000	811.000	324.000	109.000	29.000	77.000	228.000	369.000	427.000	451.000	417.000	434.000	497.000	790.000	456.000	149.000	60.000	19.000	61.000	40.000	121.000	68.000	28.000	14.000	39.000	30.000	65.000	39.000	67.000	80.000	49.000	44.000	110.000	95.000	105.000	161.000	144.000	89.000	35.000	506.000	763.000	213.000	116.000	292.000	345.000	103.000	78.000	32.000	16.000	55.000	44.000	15.000	29.000	64.000	47.000	41.000	14.000	15.000	19.000	39.000	94.000	49.000	39.000	45.000	627.000	327.000	8.000	39.000	14.000	23.000	37.000	-4.000	-4.000	12.000	41.000	-3.000	15.000	45.000	82.000	10.000	33.000	7.000	12.000	16.000	60.000	58.000	61.000	20.000
91.000	8.000	72.000	114.000	109.000	64.000	28.000	34.000	32.000	126.000	416.000	780.000	677.000	347.000	88.000	48.000	172.000	464.000	643.000	649.000	672.000	742.000	768.000	1107.000	1737.000	1701.000	748.000	146.000	120.000	203.000	416.000	400.000	364.000	74.000	11.000	33.000	16.000	74.000	159.000	103.000	198.000	187.000	272.000	375.000	282.000	374.000	442.000	330.000	218.000	100.000	273.000	477.000	271.000	199.000	411.000	328.000	71.000	82.000	41.000	63.000	97.000	151.000	53.000	64.000	71.000	161.000	55.000	52.000	18.000	22.000	168.000	307.000	216.000	127.000	114.000	43.000	96.000	11.000	8.000	9.000	19.000	6.000	-8.000	17.000	9.000	4.000	12.000	47.000	48.000	44.000	47.000	66.000	31.000	19.000	11.000	6.000	23.000	18.000	8.000
64.000	4.000	8.000	31.000	14.000	-5.000	3.000	12.000	22.000	53.000	185.000	255.000	222.000	180.000	127.000	120.000	195.000	288.000	529.000	694.000	709.000	793.000	819.000	1381.000	1744.000	1985.000	1018.000	115.000	60.000	124.000	272.000	518.000	495.000	100.000	35.000	16.000	6.000	35.000	58.000	134.000	187.000	339.000	409.000	473.000	594.000	513.000	630.000	357.000	192.000	100.000	140.000	187.000	183.000	271.000	474.000	217.000	48.000	37.000	32.000	43.000	86.000	173.000	122.000	81.000	97.000	113.000	56.000	67.000	13.000	33.000	216.000	334.000	295.000	240.000	161.000	90.000	27.000	26.000	52.000	89.000	28.000	17.000	24.000	8.000	12.000	10.000	33.000	38.000	50.000	12.000	16.000	6.000	12.000	23.000	47.000	42.000	3.000	-8.000	2.000
13.000	-2.000	11.000	35.000	7.000	2.000	8.000	20.000	27.000	59.000	32.000	23.000	14.000	47.000	61.000	187.000	160.000	101.000	166.000	321.000	420.000	542.000	659.000	845.000	877.000	1504.000	743.000	109.000	38.000	60.000	74.000	247.000	246.000	46.000	55.000	6.000	-1.000	11.000	30.000	47.000	52.000	202.000	286.000	327.000	300.000	414.000	227.000	141.000	53.000	37.000	76.000	74.000	55.000	95.000	244.000	76.000	63.000	54.000	71.000	89.000	76.000	84.000	69.000	27.000	61.000	83.000	26.000	71.000	53.000	16.000	111.000	229.000	212.000	163.000	142.000	125.000	15.000	27.000	42.000	92.000	53.000	10.000	54.000	62.000	21.000	10.000	50.000	36.000	31.000	24.000	22.000	83.000	73.000	50.000	92.000	33.000	9.000	8.000	12.000
-8.000	-1.000	39.000	25.000	2.000	1.000	7.000	12.000	8.000	11.000	0.000	-9.000	0.000	-5.000	36.000	97.000	64.000	20.000	18.000	65.000	76.000	175.000	149.000	339.000	277.000	437.000	267.000	75.000	117.000	66.000	1.000	53.000	33.000	40.000	62.000	10.000	11.000	8.000	52.000	49.000	26.000	39.000	115.000	65.000	64.000	126.000	62.000	8.000	9.000	22.000	56.000	31.000	58.000	84.000	121.000	86.000	139.000	199.000	159.000	77.000	48.000	4.000	-2.000	20.000	0.000	0.000	24.000	66.000	20.000	-3.000	25.000	106.000	76.000	51.000	58.000	81.000	2.000	21.000	33.000	38.000	45.000	18.000	54.000	40.000	40.000	10.000	34.000	10.000	6.000	31.000	17.000	72.000	51.000	121.000	79.000	6.000	-11.000	14.000	11.000
-9.000	27.000	86.000	15.000	8.000	3.000	-12.000	19.000	-8.000	-1.000	-8.000	-4.000	2.000	-9.000	12.000	32.000	35.000	86.000	39.000	24.000	9.000	27.000	29.000	46.000	46.000	53.000	37.000	76.000	140.000	41.000	54.000	82.000	52.000	105.000	82.000	41.000	28.000	7.000	49.000	62.000	30.000	29.000	13.000	34.000	27.000	30.000	57.000	41.000	85.000	110.000	37.000	31.000	110.000	250.000	122.000	72.000	124.000	300.000	243.000	93.000	17.000	6.000	6.000	18.000	-2.000	0.000	21.000	12.000	10.000	18.000	1.000	19.000	3.000	13.000	12.000	32.000	40.000	10.000	35.000	-3.000	37.000	4.000	39.000	25.000	-8.000	-6.000	-2.000	-5.000	6.000	41.000	40.000	2.000	4.000	64.000	37.000	45.000	46.000	38.000	43.000
9.000	43.000	53.000	15.000	5.000	2.000	9.000	7.000	-6.000	-15.000	2.000	-5.000	-7.000	12.000	2.000	6.000	45.000	46.000	39.000	48.000	49.000	9.000	0.000	-1.000	19.000	13.000	23.000	45.000	63.000	18.000	70.000	125.000	73.000	45.000	54.000	45.000	37.000	7.000	37.000	118.000	77.000	36.000	30.000	67.000	18.000	22.000	78.000	96.000	118.000	155.000	95.000	73.000	241.000	478.000	205.000	80.000	140.000	241.000	160.000	77.000	32.000	8.000	22.000	45.000	40.000	55.000	50.000	15.000	15.000	21.000	-5.000	0.000	-9.000	22.000	3.000	105.000	103.000	27.000	32.000	10.000	16.000	5.000	31.000	21.000	7.000	4.000	26.000	22.000	37.000	27.000	17.000	10.000	8.000	39.000	18.000	65.000	57.000	58.000	52.000
-4.000	23.000	14.000	-10.000	-3.000	55.000	75.000	18.000	27.000	-4.000	5.000	-2.000	-8.000	18.000	5.000	13.000	23.000	9.000	29.000	81.000	69.000	18.000	14.000	-1.000	3.000	7.000	7.000	-3.000	12.000	7.000	21.000	40.000	5.000	16.000	17.000	-2.000	33.000	20.000	51.000	138.000	107.000	81.000	52.000	93.000	11.000	38.000	62.000	30.000	56.000	90.000	86.000	28.000	336.000	617.000	408.000	214.000	108.000	100.000	56.000	28.000	29.000	21.000	42.000	11.000	75.000	45.000	59.000	26.000	-10.000	8.000	-7.000	-11.000	10.000	31.000	126.000	267.000	156.000	36.000	42.000	31.000	-6.000	-2.000	-1.000	48.000	23.000	30.000	44.000	21.000	40.000	45.000	22.000	8.000	3.000	-11.000	12.000	53.000	55.000	57.000	43.000
9.000	8.000	7.000	13.000	11.000	53.000	106.000	23.000	25.000	-1.000	-8.000	2.000	-6.000	6.000	7.000	12.000	-4.000	-8.000	6.000	34.000	29.000	25.000	51.000	14.000	33.000	20.000	22.000	9.000	3.000	5.000	2.000	31.000	7.000	-1.000	13.000	4.000	34.000	26.000	0.000	70.000	75.000	57.000	35.000	36.000	35.000	34.000	49.000	29.000	51.000	50.000	48.000	29.000	191.000	458.000	360.000	251.000	105.000	38.000	19.000	0.000	35.000	14.000	21.000	54.000	115.000	165.000	158.000	65.000	62.000	40.000	15.000	22.000	19.000	35.000	53.000	255.000	164.000	101.000	22.000	7.000	25.000	39.000	54.000	28.000	13.000	9.000	13.000	0.000	28.000	84.000	75.000	1.000	4.000	-1.000	6.000	4.000	18.000	70.000	154.000
-6.000	-3.000	12.000	0.000	3.000	45.000	39.000	16.000	5.000	1.000	6.000	8.000	4.000	4.000	23.000	8.000	-15.000	26.000	8.000	3.000	14.000	27.000	31.000	83.000	124.000	34.000	31.000	34.000	23.000	22.000	19.000	45.000	15.000	19.000	30.000	27.000	30.000	7.000	-4.000	24.000	110.000	122.000	72.000	56.000	46.000	8.000	20.000	58.000	21.000	32.000	50.000	25.000	72.000	131.000	203.000	166.000	113.000	80.000	28.000	18.000	25.000	60.000	35.000	129.000	297.000	350.000	375.000	320.000	173.000	135.000	132.000	130.000	70.000	22.000	10.000	89.000	78.000	45.000	5.000	6.000	40.000	131.000	107.000	-6.000	29.000	15.000	5.000	2.000	22.000	90.000	26.000	-1.000	38.000	8.000	-5.000	32.000	34.000	82.000	222.000
3.000	-7.000	-1.000	0.000	-10.000	11.000	3.000	26.000	6.000	-6.000	-13.000	13.000	6.000	-1.000	-7.000	-2.000	-16.000	-8.000	17.000	12.000	-12.000	23.000	18.000	61.000	88.000	30.000	7.000	61.000	41.000	47.000	-4.000	12.000	30.000	35.000	49.000	99.000	44.000	5.000	-10.000	4.000	80.000	104.000	98.000	87.000	38.000	61.000	44.000	31.000	14.000	21.000	53.000	3.000	40.000	110.000	67.000	-5.000	36.000	35.000	35.000	-10.000	26.000	86.000	27.000	136.000	320.000	347.000	361.000	326.000	248.000	199.000	136.000	136.000	80.000	14.000	23.000	26.000	14.000	7.000	-5.000	4.000	13.000	63.000	58.000	1.000	9.000	2.000	6.000	5.000	-13.000	5.000	-16.000	33.000	85.000	22.000	-7.000	9.000	49.000	114.000	159.000
-5.000	-12.000	-8.000	-14.000	-10.000	-3.000	4.000	-1.000	1.000	-14.000	-15.000	-7.000	-11.000	10.000	3.000	15.000	-8.000	2.000	-6.000	9.000	-12.000	-6.000	6.000	31.000	31.000	43.000	29.000	31.000	42.000	36.000	12.000	6.000	21.000	25.000	24.000	109.000	51.000	-3.000	-6.000	2.000	4.000	0.000	35.000	49.000	15.000	57.000	88.000	93.000	44.000	35.000	29.000	37.000	110.000	325.000	99.000	7.000	7.000	11.000	13.000	9.000	22.000	17.000	0.000	30.000	32.000	166.000	134.000	95.000	142.000	89.000	70.000	52.000	20.000	-2.000	-4.000	-2.000	-12.000	-1.000	-15.000	20.000	-8.000	20.000	-7.000	-11.000	-1.000	-1.000	16.000	20.000	-10.000	-1.000	4.000	51.000	72.000	-1.000	-14.000	34.000	15.000	45.000	94.000
-3.000	-12.000	-1.000	11.000	-9.000	-6.000	-3.000	4.000	6.000	-1.000	-12.000	6.000	-3.000	3.000	11.000	30.000	5.000	15.000	21.000	9.000	-4.000	19.000	10.000	16.000	16.000	26.000	34.000	60.000	39.000	25.000	5.000	35.000	11.000	34.000	47.000	109.000	30.000	8.000	17.000	23.000	-6.000	11.000	39.000	54.000	31.000	11.000	41.000	127.000	106.000	22.000	52.000	30.000	111.000	427.000	183.000	7.000	25.000	24.000	16.000	-3.000	26.000	21.000	3.000	4.000	4.000	17.000	23.000	11.000	22.000	4.000	22.000	14.000	-7.000	-2.000	-4.000	-4.000	-8.000	-9.000	9.000	44.000	5.000	12.000	7.000	5.000	-9.000	4.000	-2.000	3.000	9.000	1.000	4.000	22.000	20.000	12.000	-12.000	-4.000	-1.000	23.000	66.000
7.000	-3.000	4.000	0.000	-2.000	4.000	-1.000	1.000	-7.000	6.000	-17.000	-4.000	8.000	4.000	21.000	37.000	-1.000	13.000	2.000	-3.000	-12.000	23.000	20.000	32.000	25.000	31.000	26.000	42.000	37.000	35.000	33.000	74.000	77.000	50.000	43.000	42.000	11.000	-6.000	-2.000	36.000	21.000	63.000	88.000	58.000	46.000	86.000	8.000	24.000	53.000	85.000	95.000	65.000	97.000	77.000	54.000	18.000	6.000	18.000	45.000	23.000	54.000	27.000	-7.000	-3.000	-5.000	2.000	14.000	-10.000	-5.000	24.000	-9.000	14.000	-8.000	-9.000	4.000	13.000	-8.000	13.000	49.000	90.000	27.000	1.000	16.000	-8.000	-2.000	-13.000	-9.000	0.000	33.000	-12.000	5.000	43.000	4.000	-3.000	0.000	7.000	3.000	27.000	80.000
5.000	-1.000	-2.000	-2.000	-17.000	8.000	-10.000	-1.000	0.000	15.000	22.000	14.000	-1.000	8.000	3.000	18.000	-8.000	4.000	-5.000	-7.000	1.000	11.000	4.000	23.000	2.000	18.000	16.000	5.000	48.000	108.000	197.000	393.000	195.000	120.000	33.000	35.000	17.000	18.000	26.000	24.000	39.000	88.000	235.000	91.000	85.000	98.000	56.000	79.000	20.000	55.000	81.000	201.000	91.000	45.000	32.000	24.000	1.000	-2.000	24.000	0.000	14.000	20.000	-15.000	35.000	19.000	4.000	6.000	-8.000	0.000	17.000	-13.000	3.000	-16.000	-8.000	6.000	3.000	15.000	83.000	111.000	83.000	27.000	5.000	-5.000	-6.000	-9.000	15.000	-4.000	17.000	18.000	29.000	0.000	38.000	6.000	-6.000	-13.000	5.000	-10.000	19.000	32.000
-6.000	-5.000	0.000	-11.000	-17.000	-8.000	-15.000	7.000	14.000	12.000	7.000	7.000	25.000	-8.000	3.000	11.000	18.000	1.000	6.000	-9.000	6.000	3.000	0.000	9.000	6.000	6.000	-1.000	9.000	26.000	184.000	606.000	662.000	236.000	95.000	64.000	45.000	48.000	86.000	92.000	87.000	73.000	125.000	234.000	103.000	93.000	87.000	84.000	119.000	63.000	87.000	218.000	339.000	102.000	50.000	40.000	26.000	16.000	17.000	5.000	4.000	62.000	15.000	-3.000	25.000	-10.000	10.000	12.000	6.000	12.000	-8.000	-3.000	15.000	-16.000	-13.000	28.000	10.000	30.000	54.000	55.000	38.000	3.000	-6.000	-13.000	-3.000	-6.000	4.000	5.000	4.000	14.000	23.000	18.000	19.000	-7.000	-9.000	-13.000	-2.000	3.000	-3.000	6.000
-10.000	-17.000	11.000	-12.000	-10.000	-10.000	-15.000	-3.000	10.000	1.000	1.000	7.000	-7.000	-2.000	2.000	13.000	2.000	3.000	4.000	7.000	26.000	12.000	7.000	44.000	30.000	5.000	15.000	5.000	66.000	180.000	408.000	642.000	238.000	65.000	38.000	51.000	49.000	68.000	63.000	90.000	68.000	95.000	134.000	279.000	153.000	147.000	117.000	171.000	126.000	95.000	665.000	673.000	139.000	57.000	33.000	61.000	45.000	25.000	9.000	20.000	37.000	8.000	3.000	8.000	-13.000	11.000	8.000	24.000	16.000	15.000	-7.000	-7.000	-2.000	-8.000	3.000	17.000	12.000	14.000	-5.000	-10.000	13.000	-8.000	-15.000	-10.000	-5.000	-16.000	-9.000	-3.000	10.000	-6.000	13.000	21.000	2.000	-10.000	-1.000	26.000	4.000	-14.000	8.000
-14.000	-5.000	-6.000	12.000	-5.000	-13.000	3.000	1.000	10.000	14.000	5.000	7.000	-13.000	-11.000	-10.000	-5.000	-10.000	25.000	11.000	7.000	1.000	24.000	23.000	46.000	36.000	1.000	15.000	24.000	41.000	77.000	60.000	332.000	145.000	27.000	3.000	13.000	14.000	17.000	21.000	54.000	63.000	28.000	132.000	417.000	331.000	239.000	175.000	237.000	145.000	119.000	612.000	689.000	190.000	51.000	69.000	23.000	35.000	23.000	8.000	12.000	23.000	-7.000	-1.000	-12.000	-8.000	14.000	8.000	78.000	40.000	1.000	-6.000	-8.000	8.000	-14.000	-3.000	19.000	17.000	-12.000	2.000	-4.000	-9.000	3.000	-13.000	-7.000	4.000	12.000	-18.000	-4.000	7.000	-10.000	38.000	14.000	-7.000	6.000	5.000	7.000	-2.000	-13.000	1.000
-16.000	-10.000	-7.000	-5.000	10.000	-8.000	3.000	13.000	9.000	10.000	4.000	5.000	3.000	-15.000	1.000	6.000	11.000	38.000	11.000	-8.000	-7.000	14.000	15.000	32.000	7.000	5.000	0.000	16.000	11.000	19.000	30.000	53.000	34.000	-5.000	-1.000	11.000	-7.000	-9.000	-8.000	25.000	31.000	21.000	67.000	239.000	289.000	207.000	180.000	255.000	154.000	154.000	481.000	495.000	279.000	59.000	43.000	23.000	-1.000	-4.000	10.000	21.000	24.000	-10.000	13.000	-3.000	12.000	-11.000	37.000	59.000	40.000	-13.000	-10.000	-3.000	-3.000	-6.000	2.000	15.000	15.000	-12.000	2.000	-5.000	7.000	-9.000	1.000	-8.000	-2.000	7.000	-12.000	1.000	-2.000	15.000	9.000	-1.000	-3.000	6.000	15.000	12.000	-4.000	-2.000	-8.000
0.000	-5.000	-11.000	-11.000	-10.000	-4.000	-16.000	3.000	8.000	2.000	5.000	8.000	8.000	17.000	-13.000	-3.000	33.000	0.000	4.000	12.000	-14.000	24.000	4.000	-7.000	-2.000	0.000	-9.000	-14.000	8.000	0.000	15.000	5.000	5.000	-9.000	-1.000	3.000	-3.000	-4.000	-9.000	-2.000	-4.000	15.000	29.000	91.000	144.000	162.000	193.000	314.000	279.000	266.000	352.000	319.000	231.000	38.000	34.000	25.000	37.000	20.000	15.000	1.000	4.000	-11.000	-6.000	18.000	30.000	18.000	28.000	6.000	5.000	1.000	-1.000	-6.000	-4.000	-5.000	21.000	13.000	4.000	-14.000	0.000	-8.000	0.000	-1.000	29.000	-3.000	-6.000	-5.000	-11.000	17.000	-8.000	17.000	1.000	-9.000	1.000	17.000	22.000	13.000	-14.000	5.000	-9.000
-3.000	-7.000	15.000	-6.000	-9.000	16.000	14.000	28.000	33.000	11.000	-4.000	7.000	2.000	2.000	-6.000	5.000	25.000	5.000	10.000	-13.000	0.000	20.000	1.000	4.000	11.000	-7.000	-7.000	-6.000	-4.000	16.000	13.000	-1.000	-6.000	0.000	-10.000	7.000	-8.000	-11.000	-7.000	-9.000	-5.000	12.000	24.000	26.000	35.000	44.000	153.000	294.000	378.000	142.000	220.000	161.000	102.000	32.000	39.000	61.000	40.000	11.000	7.000	-6.000	5.000	9.000	23.000	25.000	39.000	27.000	16.000	17.000	0.000	10.000	-5.000	1.000	-2.000	11.000	1.000	-6.000	2.000	-5.000	-9.000	9.000	0.000	-1.000	0.000	19.000	4.000	-14.000	-6.000	9.000	-12.000	7.000	12.000	5.000	1.000	5.000	6.000	5.000	-9.000	-3.000	-9.000
-5.000	7.000	-2.000	-5.000	-12.000	16.000	-8.000	-5.000	36.000	8.000	6.000	22.000	2.000	10.000	4.000	-8.000	1.000	29.000	17.000	-8.000	-5.000	28.000	9.000	6.000	-2.000	17.000	15.000	6.000	-2.000	23.000	23.000	10.000	-3.000	-11.000	-6.000	-8.000	-1.000	-1.000	-12.000	0.000	2.000	12.000	5.000	17.000	18.000	35.000	28.000	134.000	199.000	65.000	89.000	73.000	32.000	28.000	35.000	55.000	44.000	11.000	10.000	18.000	4.000	41.000	44.000	27.000	26.000	19.000	28.000	16.000	6.000	0.000	-14.000	-8.000	-7.000	4.000	15.000	9.000	-5.000	-17.000	-7.000	13.000	-14.000	2.000	29.000	43.000	22.000	7.000	-6.000	-10.000	-15.000	-11.000	26.000	2.000	11.000	-3.000	1.000	-5.000	0.000	5.000	-16.000
2.000	4.000	-1.000	5.000	11.000	15.000	14.000	-3.000	12.000	-2.000	-2.000	13.000	11.000	22.000	11.000	-4.000	-10.000	22.000	8.000	12.000	8.000	29.000	20.000	9.000	18.000	38.000	20.000	2.000	5.000	25.000	0.000	-6.000	3.000	-7.000	-3.000	-7.000	-3.000	-7.000	-14.000	13.000	-13.000	-1.000	15.000	19.000	22.000	52.000	7.000	47.000	89.000	26.000	21.000	36.000	35.000	36.000	40.000	34.000	44.000	63.000	19.000	3.000	7.000	21.000	21.000	43.000	39.000	14.000	9.000	0.000	14.000	-10.000	-12.000	-3.000	-14.000	0.000	10.000	-9.000	-13.000	-13.000	-5.000	11.000	5.000	0.000	73.000	61.000	23.000	-7.000	9.000	-16.000	-7.000	-10.000	0.000	-18.000	1.000	-7.000	4.000	-14.000	-8.000	-4.000	0.000
4.000	11.000	-11.000	-9.000	18.000	11.000	9.000	-11.000	14.000	11.000	-4.000	4.000	6.000	24.000	3.000	-4.000	-1.000	0.000	5.000	6.000	25.000	57.000	32.000	4.000	20.000	2.000	0.000	-12.000	7.000	12.000	34.000	0.000	-14.000	4.000	0.000	-10.000	-12.000	-11.000	-20.000	7.000	-3.000	9.000	13.000	10.000	35.000	22.000	58.000	38.000	46.000	20.000	25.000	18.000	28.000	17.000	25.000	17.000	3.000	25.000	9.000	15.000	13.000	6.000	6.000	52.000	27.000	39.000	59.000	4.000	-3.000	7.000	0.000	-15.000	-16.000	-11.000	20.000	-6.000	-13.000	-14.000	-13.000	22.000	9.000	49.000	168.000	198.000	77.000	5.000	-5.000	-9.000	6.000	-18.000	-4.000	-11.000	-17.000	-5.000	-10.000	1.000	-12.000	8.000	1.000
-5.000	-2.000	-11.000	-12.000	7.000	22.000	-7.000	5.000	-7.000	-6.000	-2.000	-6.000	-3.000	16.000	19.000	-11.000	-6.000	-8.000	8.000	14.000	76.000	109.000	31.000	7.000	-13.000	-1.000	-7.000	-16.000	3.000	21.000	31.000	22.000	-13.000	-16.000	4.000	-12.000	-11.000	-14.000	-12.000	6.000	22.000	5.000	-2.000	9.000	4.000	10.000	59.000	65.000	48.000	64.000	27.000	26.000	27.000	26.000	3.000	2.000	23.000	12.000	8.000	-1.000	7.000	16.000	21.000	61.000	104.000	107.000	69.000	12.000	-11.000	-2.000	-2.000	-6.000	-9.000	-4.000	-12.000	-12.000	-8.000	-4.000	-8.000	-17.000	-5.000	123.000	411.000	411.000	167.000	28.000	2.000	1.000	11.000	-13.000	-3.000	-2.000	-17.000	-11.000	-8.000	8.000	-6.000	-12.000	2.000
-13.000	-9.000	-1.000	-4.000	11.000	-1.000	-3.000	3.000	-5.000	-13.000	-3.000	-12.000	-3.000	16.000	22.000	-8.000	-11.000	-13.000	-11.000	14.000	80.000	160.000	28.000	2.000	-8.000	-16.000	4.000	-10.000	3.000	11.000	12.000	7.000	-7.000	-10.000	-9.000	-9.000	-2.000	-16.000	-10.000	-9.000	1.000	5.000	19.000	7.000	-8.000	31.000	42.000	35.000	42.000	71.000	32.000	36.000	29.000	2.000	5.000	4.000	27.000	3.000	-3.000	7.000	14.000	25.000	17.000	102.000	117.000	135.000	54.000	27.000	-3.000	-11.000	7.000	-6.000	-3.000	6.000	-7.000	7.000	-4.000	-14.000	-5.000	-14.000	41.000	106.000	344.000	402.000	199.000	39.000	17.000	-15.000	3.000	-7.000	-13.000	3.000	-2.000	-8.000	14.000	-5.000	2.000	-15.000	-1.000
-16.000	5.000	-10.000	0.000	10.000	19.000	-8.000	3.000	-3.000	-11.000	-3.000	2.000	-13.000	-12.000	-4.000	-12.000	-5.000	-13.000	0.000	22.000	44.000	68.000	5.000	44.000	2.000	-1.000	5.000	-7.000	0.000	-9.000	6.000	13.000	23.000	20.000	34.000	22.000	1.000	-6.000	-17.000	-9.000	15.000	18.000	10.000	7.000	-9.000	-4.000	-3.000	3.000	16.000	18.000	27.000	12.000	9.000	12.000	2.000	4.000	13.000	6.000	4.000	22.000	24.000	50.000	53.000	57.000	77.000	40.000	28.000	3.000	5.000	4.000	4.000	-1.000	12.000	-7.000	5.000	-4.000	4.000	-9.000	-4.000	-8.000	10.000	43.000	98.000	164.000	68.000	0.000	17.000	16.000	8.000	-2.000	0.000	-10.000	5.000	11.000	25.000	14.000	3.000	1.000	0.000
-16.000	7.000	-1.000	0.000	0.000	20.000	-12.000	-1.000	-9.000	-3.000	-12.000	5.000	12.000	-9.000	-3.000	-8.000	-6.000	-11.000	-4.000	-7.000	8.000	12.000	25.000	35.000	15.000	-11.000	-2.000	-12.000	-14.000	-6.000	13.000	20.000	45.000	59.000	94.000	61.000	47.000	-15.000	-17.000	-4.000	-1.000	3.000	-1.000	-5.000	-3.000	-8.000	17.000	-16.000	-8.000	10.000	11.000	20.000	33.000	13.000	4.000	16.000	3.000	-4.000	-9.000	3.000	37.000	57.000	57.000	50.000	48.000	62.000	13.000	19.000	5.000	-1.000	17.000	35.000	-1.000	-5.000	-6.000	-1.000	-3.000	-13.000	-6.000	-1.000	9.000	56.000	19.000	41.000	57.000	9.000	28.000	25.000	15.000	-16.000	-1.000	-18.000	13.000	-1.000	15.000	-5.000	19.000	17.000	9.000
9.000	8.000	-1.000	-11.000	2.000	9.000	-5.000	1.000	6.000	10.000	-2.000	-5.000	13.000	10.000	5.000	-11.000	-11.000	-17.000	-9.000	-14.000	-3.000	0.000	19.000	0.000	2.000	0.000	-11.000	-6.000	-14.000	8.000	19.000	29.000	34.000	22.000	121.000	94.000	22.000	-6.000	-5.000	-3.000	-4.000	21.000	-1.000	4.000	6.000	0.000	-1.000	4.000	3.000	2.000	-3.000	40.000	1.000	13.000	-2.000	9.000	-1.000	0.000	2.000	-1.000	5.000	22.000	15.000	41.000	35.000	65.000	11.000	18.000	35.000	10.000	11.000	5.000	-4.000	-9.000	3.000	-4.000	11.000	7.000	-10.000	-2.000	3.000	12.000	-1.000	30.000	42.000	31.000	51.000	43.000	-3.000	-7.000	-3.000	-8.000	-2.000	2.000	-4.000	-11.000	13.000	7.000	27.000
21.000	14.000	11.000	4.000	-1.000	16.000	18.000	-6.000	3.000	1.000	-4.000	20.000	12.000	-9.000	0.000	-6.000	-7.000	-1.000	-7.000	-5.000	-4.000	3.000	13.000	-10.000	11.000	-5.000	14.000	9.000	4.000	1.000	18.000	13.000	23.000	0.000	21.000	28.000	32.000	3.000	2.000	3.000	12.000	36.000	11.000	23.000	11.000	-5.000	-1.000	8.000	-6.000	-5.000	1.000	1.000	-4.000	-9.000	9.000	-3.000	3.000	8.000	0.000	18.000	25.000	14.000	-3.000	31.000	75.000	48.000	18.000	3.000	1.000	15.000	4.000	-15.000	-8.000	-14.000	-8.000	-8.000	9.000	6.000	-6.000	-3.000	-7.000	-7.000	0.000	29.000	31.000	43.000	47.000	54.000	0.000	14.000	11.000	9.000	-4.000	11.000	-5.000	7.000	1.000	4.000	8.000
16.000	8.000	19.000	-2.000	-15.000	5.000	10.000	9.000	-9.000	11.000	-12.000	11.000	-4.000	-9.000	-15.000	-12.000	9.000	-2.000	0.000	-2.000	-5.000	-8.000	-3.000	-10.000	7.000	-3.000	6.000	0.000	5.000	-10.000	3.000	-11.000	4.000	-11.000	5.000	10.000	5.000	-3.000	-3.000	3.000	-2.000	51.000	43.000	8.000	4.000	-5.000	-11.000	-11.000	-2.000	16.000	-4.000	5.000	3.000	-8.000	26.000	7.000	-1.000	22.000	30.000	7.000	34.000	32.000	31.000	44.000	20.000	26.000	-5.000	-4.000	-9.000	-2.000	15.000	0.000	2.000	-1.000	-4.000	-8.000	9.000	-9.000	18.000	2.000	-7.000	5.000	5.000	22.000	21.000	27.000	62.000	35.000	4.000	19.000	-6.000	-10.000	-5.000	-3.000	-6.000	-1.000	-9.000	-7.000	5.000
15.000	14.000	16.000	7.000	2.000	7.000	12.000	-3.000	-3.000	6.000	-9.000	-15.000	-6.000	-7.000	2.000	-15.000	-7.000	5.000	7.000	15.000	-7.000	-4.000	-7.000	9.000	-9.000	17.000	-5.000	6.000	-6.000	-12.000	-7.000	-7.000	1.000	-15.000	-3.000	-1.000	2.000	-7.000	7.000	9.000	0.000	28.000	16.000	-4.000	4.000	-3.000	-14.000	-7.000	5.000	28.000	25.000	36.000	44.000	12.000	11.000	38.000	32.000	13.000	20.000	29.000	26.000	49.000	57.000	63.000	26.000	19.000	-14.000	-8.000	-15.000	2.000	14.000	18.000	11.000	23.000	-8.000	-3.000	-2.000	-1.000	5.000	14.000	-2.000	-7.000	3.000	-10.000	-6.000	2.000	22.000	-11.000	-7.000	16.000	-4.000	-8.000	7.000	-3.000	-11.000	-7.000	-9.000	2.000	27.000
-4.000	0.000	2.000	26.000	5.000	7.000	9.000	3.000	27.000	13.000	-4.000	6.000	-3.000	-8.000	-13.000	-5.000	18.000	18.000	7.000	2.000	-16.000	6.000	0.000	-7.000	-15.000	9.000	-12.000	-12.000	-4.000	-14.000	-16.000	-2.000	-5.000	-6.000	-5.000	-11.000	1.000	-8.000	-5.000	-10.000	-7.000	12.000	-1.000	1.000	-2.000	1.000	-10.000	20.000	28.000	62.000	71.000	103.000	151.000	101.000	44.000	-6.000	35.000	34.000	34.000	39.000	25.000	41.000	23.000	35.000	16.000	30.000	5.000	-3.000	-11.000	-7.000	-13.000	-2.000	25.000	53.000	35.000	14.000	9.000	-1.000	-11.000	13.000	-2.000	10.000	-9.000	-17.000	-6.000	-3.000	-11.000	-1.000	-14.000	12.000	-1.000	-17.000	12.000	-8.000	6.000	-12.000	-15.000	-1.000	27.000
-13.000	6.000	10.000	16.000	22.000	19.000	-12.000	10.000	-1.000	-5.000	-3.000	3.000	-3.000	-13.000	1.000	8.000	82.000	114.000	37.000	5.000	-17.000	6.000	-12.000	-9.000	-4.000	-4.000	-17.000	-5.000	-13.000	-13.000	-12.000	-12.000	-15.000	-9.000	2.000	-14.000	-15.000	-1.000	-12.000	-10.000	-12.000	-5.000	-5.000	-1.000	17.000	-13.000	-7.000	19.000	66.000	94.000	145.000	160.000	200.000	125.000	44.000	15.000	18.000	38.000	26.000	39.000	34.000	24.000	9.000	22.000	21.000	34.000	-9.000	-8.000	7.000	-8.000	10.000	8.000	32.000	53.000	39.000	28.000	12.000	3.000	-4.000	4.000	2.000	30.000	3.000	-6.000	16.000	1.000	-9.000	-3.000	-2.000	4.000	-1.000	-5.000	3.000	1.000	0.000	3.000	1.000	8.000	35.000
-5.000	17.000	-5.000	5.000	7.000	5.000	0.000	-3.000	-5.000	11.000	-2.000	-10.000	-8.000	6.000	11.000	39.000	147.000	221.000	11.000	-5.000	-13.000	-10.000	-10.000	-13.000	-1.000	-11.000	-8.000	-8.000	-8.000	0.000	-1.000	-7.000	-5.000	1.000	-11.000	-11.000	-5.000	-2.000	-11.000	8.000	-17.000	2.000	7.000	4.000	-7.000	9.000	-2.000	33.000	70.000	96.000	270.000	161.000	131.000	98.000	15.000	-3.000	3.000	18.000	28.000	70.000	23.000	57.000	36.000	0.000	12.000	7.000	0.000	-3.000	8.000	-9.000	1.000	27.000	38.000	45.000	72.000	38.000	18.000	-8.000	0.000	6.000	31.000	14.000	5.000	22.000	18.000	2.000	0.000	-1.000	-2.000	10.000	16.000	-5.000	5.000	3.000	-5.000	-8.000	3.000	2.000	22.000
8.000	0.000	-11.000	-9.000	7.000	-3.000	14.000	9.000	7.000	12.000	-12.000	-2.000	-11.000	8.000	4.000	29.000	81.000	72.000	17.000	4.000	-6.000	-7.000	-1.000	-4.000	2.000	-14.000	-5.000	-1.000	-5.000	-5.000	-8.000	-7.000	-12.000	-1.000	-8.000	-12.000	9.000	7.000	-8.000	7.000	-5.000	-13.000	-8.000	22.000	12.000	9.000	-3.000	-2.000	45.000	71.000	123.000	167.000	84.000	63.000	16.000	12.000	13.000	49.000	53.000	90.000	73.000	90.000	98.000	34.000	34.000	6.000	-3.000	14.000	13.000	6.000	-5.000	16.000	44.000	15.000	43.000	43.000	13.000	0.000	8.000	-3.000	3.000	9.000	16.000	18.000	2.000	-8.000	1.000	38.000	8.000	12.000	2.000	-5.000	0.000	-3.000	13.000	27.000	27.000	11.000	18.000
11.000	4.000	-9.000	-13.000	2.000	-13.000	4.000	5.000	0.000	-6.000	-9.000	3.000	1.000	-1.000	0.000	16.000	10.000	13.000	1.000	-13.000	-3.000	-7.000	-4.000	-2.000	-10.000	-6.000	-15.000	8.000	-10.000	-8.000	-10.000	5.000	6.000	-10.000	-13.000	-14.000	9.000	18.000	-13.000	7.000	-9.000	-15.000	-10.000	20.000	8.000	25.000	6.000	11.000	29.000	101.000	113.000	97.000	78.000	45.000	21.000	18.000	15.000	78.000	70.000	113.000	135.000	105.000	86.000	73.000	30.000	2.000	28.000	-4.000	9.000	9.000	0.000	29.000	2.000	18.000	19.000	14.000	-11.000	21.000	7.000	-4.000	-5.000	-5.000	19.000	5.000	17.000	2.000	-1.000	13.000	52.000	34.000	14.000	21.000	11.000	19.000	27.000	44.000	27.000	25.000	30.000
11.000	-3.000	-9.000	7.000	2.000	-7.000	0.000	-12.000	-8.000	-1.000	-6.000	30.000	15.000	-15.000	5.000	0.000	-6.000	-12.000	3.000	-8.000	-1.000	-6.000	-5.000	-3.000	4.000	-8.000	-13.000	-8.000	-12.000	-11.000	-6.000	9.000	4.000	-10.000	-4.000	-15.000	3.000	-6.000	6.000	-7.000	-3.000	-5.000	12.000	10.000	21.000	18.000	5.000	5.000	33.000	99.000	191.000	185.000	143.000	72.000	17.000	16.000	6.000	90.000	128.000	127.000	152.000	125.000	82.000	68.000	17.000	5.000	2.000	-13.000	0.000	-8.000	16.000	30.000	0.000	20.000	14.000	20.000	-2.000	13.000	18.000	11.000	2.000	5.000	5.000	7.000	21.000	5.000	13.000	38.000	32.000	13.000	28.000	20.000	13.000	13.000	48.000	37.000	18.000	50.000	18.000
4.000	-7.000	-2.000	-3.000	0.000	-6.000	-7.000	13.000	0.000	3.000	14.000	-4.000	-3.000	-1.000	-8.000	-1.000	-12.000	-4.000	-5.000	6.000	5.000	-7.000	-5.000	-14.000	-10.000	-17.000	-12.000	-6.000	-6.000	-14.000	3.000	13.000	8.000	-1.000	-2.000	-16.000	-3.000	-7.000	2.000	-5.000	-3.000	5.000	5.000	8.000	9.000	4.000	4.000	9.000	35.000	126.000	123.000	112.000	120.000	91.000	57.000	10.000	1.000	42.000	46.000	84.000	149.000	110.000	88.000	40.000	14.000	4.000	-13.000	-13.000	-1.000	7.000	8.000	28.000	33.000	45.000	27.000	17.000	25.000	15.000	-6.000	13.000	9.000	-2.000	12.000	12.000	3.000	17.000	32.000	48.000	65.000	46.000	40.000	26.000	10.000	9.000	23.000	31.000	36.000	30.000	7.000
8.000	-13.000	-9.000	13.000	-2.000	-5.000	-7.000	2.000	12.000	18.000	-4.000	-2.000	-6.000	-12.000	-8.000	-15.000	-4.000	2.000	0.000	-11.000	-4.000	10.000	-12.000	-1.000	-1.000	-7.000	-6.000	0.000	-8.000	-15.000	7.000	6.000	15.000	16.000	22.000	-1.000	18.000	-3.000	-2.000	-8.000	6.000	19.000	2.000	11.000	2.000	6.000	28.000	3.000	33.000	99.000	69.000	122.000	134.000	105.000	62.000	24.000	22.000	7.000	34.000	59.000	115.000	104.000	104.000	28.000	20.000	-2.000	-9.000	2.000	-3.000	-2.000	5.000	11.000	36.000	49.000	15.000	39.000	39.000	10.000	-1.000	15.000	12.000	9.000	16.000	45.000	57.000	43.000	38.000	48.000	48.000	45.000	7.000	6.000	4.000	12.000	5.000	39.000	56.000	27.000	0.000
-14.000	-1.000	32.000	23.000	-1.000	9.000	-2.000	-1.000	13.000	31.000	-9.000	-7.000	-7.000	-10.000	-1.000	7.000	-2.000	5.000	4.000	-3.000	13.000	1.000	-11.000	-1.000	6.000	-16.000	-3.000	-8.000	-5.000	-6.000	-1.000	3.000	16.000	29.000	46.000	12.000	12.000	9.000	-4.000	8.000	6.000	12.000	35.000	23.000	38.000	6.000	25.000	36.000	63.000	76.000	69.000	135.000	145.000	148.000	81.000	35.000	48.000	10.000	98.000	93.000	155.000	170.000	140.000	95.000	46.000	10.000	7.000	-8.000	-17.000	-3.000	0.000	15.000	7.000	6.000	23.000	25.000	12.000	9.000	29.000	3.000	32.000	22.000	44.000	36.000	45.000	71.000	70.000	57.000	30.000	42.000	0.000	21.000	5.000	15.000	38.000	36.000	42.000	0.000	6.000
-8.000	13.000	31.000	22.000	5.000	-4.000	-11.000	1.000	9.000	19.000	31.000	-12.000	-10.000	2.000	6.000	11.000	32.000	7.000	12.000	41.000	31.000	3.000	-9.000	-2.000	12.000	-11.000	-7.000	6.000	-8.000	-3.000	6.000	14.000	9.000	39.000	54.000	56.000	48.000	1.000	4.000	4.000	13.000	49.000	48.000	77.000	64.000	70.000	47.000	17.000	59.000	99.000	159.000	156.000	200.000	128.000	114.000	73.000	71.000	85.000	153.000	124.000	190.000	275.000	260.000	140.000	99.000	37.000	13.000	-6.000	-1.000	-9.000	7.000	10.000	12.000	18.000	18.000	17.000	6.000	-5.000	24.000	20.000	21.000	25.000	50.000	69.000	77.000	109.000	64.000	71.000	20.000	18.000	31.000	21.000	-3.000	20.000	20.000	25.000	50.000	17.000	11.000
22.000	31.000	48.000	46.000	19.000	-9.000	5.000	4.000	2.000	1.000	20.000	-8.000	-1.000	-14.000	1.000	31.000	21.000	9.000	20.000	60.000	34.000	11.000	18.000	19.000	26.000	-4.000	-8.000	3.000	-10.000	-12.000	-10.000	-4.000	20.000	59.000	89.000	113.000	42.000	47.000	35.000	17.000	22.000	44.000	86.000	83.000	96.000	86.000	78.000	56.000	67.000	162.000	182.000	165.000	171.000	209.000	238.000	268.000	232.000	167.000	179.000	160.000	301.000	295.000	250.000	173.000	72.000	16.000	6.000	-12.000	2.000	0.000	-4.000	22.000	4.000	29.000	22.000	8.000	-1.000	18.000	14.000	12.000	35.000	25.000	31.000	75.000	117.000	181.000	175.000	111.000	61.000	30.000	34.000	20.000	9.000	11.000	16.000	27.000	33.000	22.000	53.000
22.000	28.000	35.000	25.000	-3.000	4.000	-8.000	4.000	-14.000	14.000	9.000	-11.000	-8.000	-8.000	7.000	13.000	20.000	3.000	35.000	84.000	44.000	31.000	17.000	31.000	30.000	12.000	-7.000	2.000	-10.000	-14.000	4.000	59.000	69.000	101.000	104.000	134.000	120.000	72.000	37.000	21.000	31.000	83.000	70.000	172.000	186.000	142.000	80.000	91.000	104.000	218.000	277.000	233.000	206.000	267.000	459.000	359.000	391.000	300.000	238.000	211.000	186.000	249.000	240.000	203.000	92.000	24.000	21.000	-7.000	-8.000	-2.000	0.000	8.000	29.000	21.000	18.000	0.000	16.000	10.000	24.000	19.000	41.000	21.000	35.000	105.000	84.000	140.000	168.000	112.000	84.000	51.000	23.000	39.000	9.000	8.000	27.000	28.000	21.000	27.000	82.000
3.000	33.000	52.000	25.000	-1.000	2.000	-7.000	-4.000	7.000	18.000	-8.000	13.000	-6.000	-2.000	-3.000	0.000	-3.000	21.000	18.000	60.000	45.000	33.000	34.000	57.000	54.000	22.000	-4.000	-16.000	-13.000	10.000	23.000	104.000	113.000	100.000	94.000	130.000	154.000	134.000	64.000	31.000	24.000	55.000	136.000	166.000	200.000	132.000	141.000	161.000	203.000	212.000	322.000	195.000	182.000	253.000	350.000	359.000	317.000	290.000	298.000	186.000	213.000	198.000	189.000	151.000	70.000	25.000	6.000	-2.000	10.000	-7.000	-5.000	16.000	23.000	16.000	4.000	15.000	5.000	12.000	27.000	0.000	10.000	62.000	53.000	43.000	91.000	91.000	99.000	109.000	77.000	31.000	24.000	26.000	21.000	16.000	52.000	24.000	46.000	53.000	119.000
48.000	41.000	51.000	37.000	10.000	18.000	5.000	10.000	17.000	14.000	13.000	26.000	9.000	6.000	4.000	-2.000	5.000	12.000	18.000	43.000	74.000	49.000	54.000	103.000	51.000	12.000	13.000	-14.000	-17.000	16.000	50.000	69.000	115.000	83.000	72.000	81.000	95.000	84.000	71.000	56.000	45.000	38.000	92.000	137.000	175.000	127.000	128.000	244.000	251.000	195.000	203.000	159.000	148.000	221.000	283.000	255.000	235.000	208.000	198.000	103.000	109.000	82.000	148.000	134.000	100.000	46.000	23.000	4.000	-3.000	-3.000	1.000	3.000	9.000	0.000	8.000	-5.000	9.000	1.000	9.000	-5.000	15.000	70.000	120.000	59.000	27.000	57.000	50.000	72.000	42.000	30.000	31.000	31.000	30.000	38.000	55.000	45.000	85.000	61.000	98.000
32.000	49.000	54.000	48.000	28.000	44.000	32.000	14.000	19.000	14.000	10.000	13.000	13.000	5.000	15.000	23.000	28.000	45.000	18.000	48.000	93.000	106.000	95.000	102.000	93.000	39.000	17.000	10.000	-18.000	29.000	42.000	47.000	106.000	102.000	64.000	55.000	55.000	62.000	95.000	32.000	31.000	27.000	42.000	86.000	99.000	69.000	142.000	233.000	259.000	284.000	152.000	99.000	142.000	249.000	233.000	206.000	224.000	142.000	100.000	49.000	55.000	51.000	92.000	69.000	119.000	85.000	28.000	3.000	0.000	10.000	-2.000	-1.000	12.000	5.000	13.000	-9.000	-11.000	-1.000	7.000	17.000	61.000	49.000	65.000	73.000	2.000	19.000	44.000	29.000	29.000	12.000	27.000	-6.000	4.000	30.000	13.000	53.000	77.000	76.000	118.000
25.000	30.000	29.000	31.000	42.000	56.000	32.000	15.000	13.000	17.000	28.000	18.000	18.000	17.000	14.000	48.000	54.000	29.000	34.000	64.000	84.000	127.000	139.000	133.000	86.000	64.000	21.000	-11.000	-17.000	14.000	30.000	69.000	90.000	63.000	37.000	63.000	42.000	51.000	21.000	31.000	16.000	18.000	10.000	8.000	15.000	22.000	92.000	192.000	167.000	211.000	117.000	80.000	139.000	179.000	222.000	166.000	124.000	108.000	71.000	-2.000	14.000	41.000	22.000	30.000	102.000	55.000	22.000	15.000	6.000	-14.000	-7.000	3.000	29.000	17.000	2.000	2.000	-5.000	-5.000	33.000	89.000	79.000	39.000	51.000	32.000	2.000	13.000	6.000	13.000	16.000	27.000	14.000	-4.000	-1.000	30.000	3.000	51.000	71.000	58.000	89.000
30.000	30.000	25.000	42.000	53.000	23.000	6.000	28.000	27.000	12.000	31.000	17.000	12.000	33.000	57.000	35.000	111.000	51.000	34.000	36.000	75.000	136.000	177.000	164.000	139.000	70.000	34.000	9.000	5.000	-1.000	7.000	25.000	64.000	34.000	15.000	57.000	43.000	62.000	17.000	47.000	19.000	14.000	16.000	17.000	7.000	14.000	46.000	71.000	123.000	144.000	119.000	87.000	163.000	127.000	177.000	135.000	57.000	26.000	19.000	3.000	-5.000	6.000	16.000	34.000	89.000	77.000	18.000	20.000	-13.000	-3.000	-5.000	4.000	18.000	4.000	24.000	-6.000	12.000	26.000	77.000	103.000	82.000	27.000	40.000	15.000	8.000	-7.000	-3.000	21.000	2.000	32.000	12.000	-7.000	10.000	21.000	15.000	36.000	49.000	91.000	110.000
-3.000	13.000	5.000	27.000	17.000	11.000	7.000	18.000	10.000	6.000	4.000	33.000	11.000	25.000	41.000	94.000	111.000	70.000	29.000	26.000	66.000	184.000	202.000	205.000	97.000	54.000	44.000	31.000	6.000	16.000	30.000	64.000	74.000	44.000	43.000	66.000	46.000	27.000	47.000	50.000	27.000	19.000	25.000	4.000	6.000	10.000	29.000	44.000	97.000	115.000	145.000	100.000	110.000	103.000	102.000	33.000	5.000	0.000	-10.000	-9.000	-4.000	-17.000	-5.000	19.000	49.000	29.000	28.000	-5.000	-13.000	-7.000	2.000	-3.000	3.000	-3.000	0.000	0.000	3.000	35.000	95.000	118.000	57.000	29.000	35.000	22.000	0.000	-6.000	-6.000	17.000	25.000	8.000	4.000	12.000	-1.000	5.000	10.000	13.000	28.000	51.000	106.000
-2.000	0.000	11.000	5.000	-5.000	10.000	-7.000	3.000	1.000	2.000	-1.000	18.000	21.000	10.000	22.000	46.000	74.000	76.000	14.000	23.000	73.000	152.000	223.000	150.000	87.000	45.000	24.000	29.000	23.000	30.000	63.000	115.000	88.000	74.000	44.000	25.000	54.000	28.000	40.000	44.000	41.000	34.000	24.000	3.000	14.000	18.000	30.000	61.000	47.000	63.000	76.000	71.000	75.000	54.000	28.000	18.000	-1.000	-3.000	-6.000	-8.000	-18.000	-10.000	-4.000	21.000	42.000	37.000	17.000	-17.000	8.000	22.000	14.000	-4.000	-2.000	-6.000	19.000	23.000	15.000	39.000	74.000	48.000	23.000	20.000	26.000	-2.000	3.000	-11.000	-2.000	11.000	45.000	12.000	7.000	-6.000	3.000	2.000	1.000	8.000	22.000	36.000	45.000
-9.000	-6.000	-14.000	16.000	-7.000	6.000	-4.000	-2.000	-11.000	-1.000	3.000	10.000	-1.000	16.000	23.000	33.000	43.000	33.000	24.000	-3.000	57.000	114.000	182.000	115.000	49.000	35.000	50.000	27.000	32.000	26.000	55.000	170.000	111.000	136.000	55.000	76.000	73.000	46.000	36.000	56.000	39.000	56.000	54.000	49.000	50.000	54.000	57.000	62.000	68.000	63.000	88.000	40.000	31.000	30.000	5.000	4.000	-14.000	-2.000	-7.000	-5.000	-15.000	-15.000	2.000	16.000	52.000	37.000	34.000	7.000	27.000	2.000	7.000	-1.000	1.000	3.000	-4.000	21.000	21.000	39.000	38.000	3.000	23.000	11.000	9.000	-9.000	-1.000	1.000	-2.000	5.000	45.000	42.000	10.000	-8.000	-2.000	-1.000	-6.000	-3.000	-3.000	10.000	9.000
-12.000	-8.000	-7.000	-11.000	-10.000	-2.000	-3.000	-1.000	2.000	1.000	-3.000	-4.000	-5.000	4.000	25.000	5.000	18.000	6.000	8.000	14.000	21.000	67.000	53.000	40.000	20.000	22.000	27.000	8.000	16.000	25.000	105.000	145.000	100.000	121.000	113.000	84.000	76.000	60.000	44.000	71.000	62.000	61.000	107.000	83.000	72.000	82.000	69.000	39.000	78.000	55.000	59.000	44.000	35.000	26.000	18.000	1.000	-7.000	-1.000	-1.000	-3.000	-14.000	-12.000	4.000	18.000	51.000	62.000	44.000	43.000	30.000	20.000	-6.000	-8.000	3.000	-10.000	-6.000	1.000	17.000	5.000	9.000	2.000	4.000	9.000	-5.000	10.000	7.000	7.000	8.000	12.000	12.000	54.000	10.000	-11.000	0.000	-13.000	-7.000	-17.000	-3.000	-12.000	-7.000
-5.000	-5.000	-8.000	-4.000	-9.000	-5.000	-15.000	3.000	9.000	-3.000	-7.000	-1.000	-1.000	11.000	6.000	-1.000	5.000	-4.000	-2.000	-13.000	6.000	16.000	19.000	20.000	17.000	14.000	38.000	14.000	12.000	27.000	106.000	104.000	129.000	118.000	95.000	134.000	87.000	57.000	74.000	53.000	89.000	89.000	147.000	91.000	71.000	64.000	36.000	24.000	22.000	59.000	35.000	21.000	35.000	21.000	11.000	23.000	-2.000	-2.000	-17.000	-8.000	-13.000	8.000	8.000	23.000	100.000	116.000	51.000	18.000	21.000	16.000	6.000	-8.000	2.000	-10.000	-5.000	-7.000	17.000	23.000	2.000	8.000	7.000	-5.000	7.000	17.000	21.000	25.000	41.000	16.000	72.000	31.000	17.000	9.000	-10.000	-19.000	-9.000	-8.000	-2.000	-2.000	-5.000
-11.000	-15.000	-16.000	-8.000	-11.000	-1.000	-13.000	-12.000	-6.000	-6.000	-8.000	-9.000	-8.000	5.000	7.000	1.000	-7.000	-9.000	7.000	-10.000	8.000	18.000	20.000	23.000	-4.000	10.000	20.000	14.000	-2.000	27.000	92.000	97.000	112.000	142.000	94.000	95.000	87.000	69.000	60.000	87.000	83.000	100.000	144.000	93.000	51.000	26.000	35.000	29.000	21.000	19.000	26.000	15.000	70.000	51.000	14.000	32.000	18.000	13.000	-13.000	1.000	-1.000	3.000	23.000	16.000	66.000	97.000	53.000	21.000	14.000	4.000	-9.000	-12.000	-4.000	3.000	2.000	-8.000	8.000	7.000	-2.000	-3.000	5.000	0.000	-7.000	18.000	28.000	25.000	20.000	33.000	32.000	24.000	22.000	23.000	-5.000	-1.000	-11.000	-11.000	1.000	-15.000	-4.000
-9.000	-10.000	-13.000	-1.000	-12.000	-5.000	-2.000	-14.000	-3.000	-5.000	-7.000	-1.000	-8.000	-9.000	0.000	-12.000	-7.000	-10.000	1.000	-5.000	8.000	18.000	33.000	6.000	3.000	-2.000	15.000	6.000	8.000	16.000	59.000	78.000	76.000	67.000	67.000	74.000	49.000	58.000	37.000	75.000	70.000	93.000	112.000	83.000	43.000	32.000	20.000	46.000	15.000	28.000	14.000	20.000	32.000	37.000	57.000	45.000	34.000	13.000	10.000	-2.000	-2.000	11.000	7.000	9.000	36.000	13.000	5.000	5.000	-13.000	-9.000	-13.000	-11.000	-4.000	2.000	0.000	-6.000	22.000	17.000	2.000	-8.000	2.000	-9.000	-10.000	16.000	16.000	31.000	20.000	22.000	5.000	25.000	16.000	14.000	5.000	3.000	12.000	-3.000	-1.000	-10.000	-7.000
-10.000	-13.000	-17.000	-16.000	-16.000	-12.000	7.000	0.000	-6.000	-1.000	-13.000	-12.000	-8.000	-6.000	-5.000	-3.000	-1.000	-8.000	-2.000	12.000	13.000	8.000	7.000	-4.000	-13.000	-1.000	6.000	8.000	-8.000	16.000	20.000	48.000	54.000	51.000	46.000	29.000	19.000	35.000	26.000	54.000	67.000	81.000	72.000	45.000	18.000	8.000	26.000	39.000	15.000	-9.000	9.000	4.000	14.000	73.000	102.000	100.000	42.000	36.000	1.000	-8.000	-7.000	11.000	2.000	17.000	8.000	3.000	2.000	8.000	17.000	-3.000	1.000	10.000	-7.000	5.000	4.000	3.000	9.000	8.000	1.000	0.000	-12.000	-11.000	-17.000	15.000	14.000	20.000	24.000	30.000	16.000	22.000	3.000	4.000	6.000	-7.000	-8.000	-1.000	-7.000	6.000	-3.000
-13.000	-13.000	-13.000	-14.000	-12.000	-1.000	5.000	-1.000	-17.000	-9.000	-11.000	-17.000	-16.000	-16.000	-8.000	-8.000	-5.000	-10.000	-11.000	0.000	5.000	10.000	-1.000	5.000	1.000	-3.000	4.000	-9.000	-9.000	-4.000	6.000	5.000	12.000	10.000	22.000	15.000	22.000	13.000	28.000	41.000	49.000	28.000	36.000	8.000	4.000	18.000	40.000	38.000	4.000	-4.000	-8.000	2.000	21.000	75.000	186.000	156.000	71.000	23.000	-1.000	-6.000	-8.000	-13.000	-1.000	2.000	23.000	-6.000	9.000	26.000	0.000	7.000	0.000	11.000	7.000	14.000	7.000	31.000	33.000	17.000	21.000	-4.000	0.000	-10.000	-3.000	-5.000	-1.000	4.000	13.000	0.000	14.000	-4.000	7.000	8.000	-1.000	-7.000	-11.000	-1.000	-3.000	-3.000	-8.000
-13.000	-15.000	-12.000	-16.000	-16.000	-8.000	-2.000	-4.000	-8.000	-5.000	-14.000	-15.000	-12.000	-6.000	-3.000	-13.000	-11.000	-16.000	-10.000	-3.000	6.000	-1.000	-2.000	8.000	-10.000	-5.000	-1.000	-1.000	11.000	-2.000	0.000	-4.000	9.000	-5.000	-2.000	13.000	8.000	11.000	1.000	29.000	2.000	13.000	-2.000	-2.000	-3.000	4.000	8.000	16.000	9.000	-2.000	-14.000	6.000	33.000	87.000	150.000	107.000	55.000	23.000	15.000	5.000	12.000	-16.000	1.000	11.000	12.000	12.000	11.000	12.000	1.000	16.000	15.000	27.000	8.000	24.000	40.000	17.000	31.000	14.000	21.000	13.000	4.000	-3.000	9.000	10.000	13.000	15.000	-3.000	1.000	10.000	15.000	-6.000	10.000	2.000	-9.000	3.000	-8.000	-11.000	-17.000	-8.000
-9.000	-16.000	-6.000	-12.000	-16.000	-18.000	-8.000	-5.000	-16.000	-17.000	-16.000	-13.000	-14.000	-7.000	-2.000	-18.000	-12.000	-15.000	-8.000	7.000	9.000	7.000	-7.000	-1.000	-7.000	-15.000	-11.000	-5.000	-12.000	-10.000	-5.000	-6.000	-15.000	-13.000	-10.000	-12.000	-1.000	-2.000	-4.000	-7.000	-11.000	-9.000	-4.000	-13.000	-1.000	-10.000	-10.000	0.000	-9.000	-10.000	-15.000	-9.000	11.000	45.000	114.000	86.000	42.000	38.000	25.000	2.000	1.000	-5.000	3.000	19.000	10.000	11.000	7.000	6.000	-3.000	25.000	23.000	24.000	30.000	36.000	29.000	45.000	25.000	31.000	29.000	7.000	5.000	-8.000	16.000	20.000	43.000	34.000	19.000	35.000	3.000	-7.000	1.000	-14.000	-16.000	-11.000	-3.000	-6.000	-13.000	-8.000	-16.000
-9.000	-18.000	-16.000	-17.000	-16.000	-13.000	-14.000	-6.000	-17.000	-10.000	-15.000	-17.000	-16.000	-9.000	-7.000	-17.000	-10.000	-12.000	-2.000	6.000	7.000	12.000	-8.000	-16.000	-15.000	-12.000	-9.000	-11.000	-8.000	-7.000	-5.000	-13.000	-14.000	-12.000	-10.000	-7.000	-11.000	-12.000	-7.000	-15.000	-12.000	-7.000	1.000	-5.000	-4.000	-12.000	-7.000	-12.000	-14.000	-12.000	-14.000	-12.000	-5.000	1.000	28.000	36.000	50.000	44.000	9.000	15.000	-5.000	-11.000	-6.000	21.000	22.000	10.000	18.000	1.000	-1.000	8.000	44.000	42.000	37.000	56.000	32.000	19.000	23.000	42.000	21.000	7.000	6.000	20.000	25.000	31.000	54.000	44.000	34.000	15.000	28.000	-2.000	-8.000	-7.000	-13.000	-10.000	-9.000	-16.000	-3.000	-13.000	-16.000
-16.000	-13.000	-14.000	-16.000	-16.000	-13.000	-16.000	-16.000	-15.000	-12.000	-13.000	-16.000	-8.000	-15.000	-13.000	-15.000	-8.000	-5.000	-7.000	2.000	-11.000	-4.000	-6.000	-4.000	-16.000	-11.000	-10.000	-10.000	-7.000	-13.000	-9.000	-10.000	-10.000	-14.000	-11.000	-8.000	-9.000	-17.000	-11.000	-9.000	-13.000	-9.000	-1.000	-12.000	-11.000	-9.000	-14.000	-10.000	-16.000	-12.000	-14.000	-4.000	-9.000	-10.000	7.000	7.000	13.000	25.000	12.000	-1.000	-3.000	-6.000	-2.000	12.000	19.000	35.000	24.000	7.000	8.000	5.000	27.000	32.000	58.000	51.000	38.000	36.000	28.000	31.000	29.000	13.000	1.000	15.000	30.000	56.000	52.000	51.000	15.000	19.000	2.000	-9.000	-7.000	-14.000	-10.000	-16.000	-5.000	-17.000	-8.000	-13.000	-6.000
-10.000	-17.000	-11.000	-7.000	-17.000	-14.000	-16.000	-11.000	-8.000	-17.000	-16.000	-12.000	-10.000	-9.000	-15.000	-10.000	-6.000	-9.000	-6.000	-4.000	-13.000	-14.000	-13.000	-6.000	-10.000	-14.000	-12.000	-8.000	-15.000	-11.000	-3.000	-12.000	-13.000	-14.000	-9.000	-15.000	-12.000	-12.000	-15.000	-15.000	-17.000	-11.000	-12.000	-12.000	-13.000	-7.000	-9.000	-8.000	-9.000	-12.000	-13.000	-16.000	-9.000	-8.000	-9.000	4.000	-5.000	0.000	4.000	-12.000	-6.000	3.000	6.000	17.000	40.000	49.000	26.000	11.000	1.000	16.000	4.000	38.000	50.000	61.000	83.000	47.000	22.000	30.000	11.000	2.000	-4.000	6.000	16.000	14.000	28.000	21.000	5.000	7.000	-11.000	-6.000	-9.000	-7.000	-13.000	-13.000	-13.000	-14.000	-9.000	-9.000	-14.000
-10.000	-7.000	-16.000	-14.000	-12.000	-16.000	-13.000	-12.000	-11.000	-17.000	-13.000	-15.000	-9.000	-11.000	-13.000	-16.000	-13.000	-13.000	-11.000	-9.000	-10.000	-9.000	-12.000	-14.000	-10.000	-12.000	-16.000	-16.000	-14.000	-7.000	-11.000	-16.000	-13.000	-10.000	-12.000	-15.000	-6.000	-13.000	-8.000	-11.000	-11.000	-14.000	-8.000	-13.000	-13.000	-15.000	-9.000	-13.000	-12.000	-14.000	-11.000	-14.000	-7.000	-12.000	-10.000	0.000	-4.000	-1.000	-4.000	-5.000	-11.000	6.000	4.000	5.000	26.000	28.000	5.000	0.000	9.000	12.000	10.000	29.000	44.000	68.000	63.000	32.000	21.000	9.000	-5.000	-7.000	0.000	2.000	-2.000	6.000	12.000	12.000	-1.000	-12.000	-12.000	-5.000	-13.000	-14.000	-9.000	-15.000	-14.000	-13.000	-14.000	-14.000	-7.000
-14.000	-11.000	-13.000	-14.000	-7.000	-17.000	-15.000	-14.000	-13.000	-16.000	-11.000	-15.000	-15.000	-10.000	-13.000	-9.000	-10.000	-15.000	-16.000	-9.000	-6.000	-11.000	-12.000	-17.000	-13.000	-14.000	-13.000	-16.000	-8.000	-8.000	-11.000	-14.000	-9.000	-8.000	-13.000	-13.000	-9.000	-14.000	-14.000	-12.000	-14.000	-16.000	-16.000	-14.000	-14.000	-18.000	-12.000	-13.000	-13.000	-13.000	-16.000	-6.000	-9.000	-15.000	-7.000	-2.000	-4.000	-4.000	-4.000	-7.000	-5.000	-6.000	-9.000	0.000	4.000	0.000	0.000	2.000	5.000	5.000	12.000	25.000	40.000	51.000	52.000	20.000	19.000	2.000	-6.000	-6.000	-9.000	-9.000	-13.000	-4.000	-5.000	-11.000	-12.000	-7.000	-14.000	-7.000	-10.000	-9.000	-9.000	-15.000	-11.000	-13.000	-9.000	-10.000	-7.000
-13.000	-12.000	-13.000	-12.000	-14.000	-14.000	-16.000	-12.000	-16.000	-12.000	-17.000	-14.000	-15.000	-15.000	-16.000	-14.000	-17.000	-13.000	-12.000	-13.000	-15.000	-14.000	-15.000	-10.000	-13.000	-13.000	-13.000	-12.000	-6.000	-11.000	-13.000	-13.000	-14.000	-14.000	-13.000	-15.000	-12.000	-12.000	-14.000	-9.000	-15.000	-12.000	-13.000	-13.000	-12.000	-12.000	-14.000	-16.000	-16.000	-9.000	-9.000	-12.000	-9.000	-11.000	-9.000	0.000	0.000	-1.000	5.000	-6.000	-4.000	-4.000	4.000	-3.000	-1.000	-7.000	-1.000	-5.000	3.000	-4.000	5.000	15.000	29.000	49.000	33.000	16.000	2.000	-4.000	-9.000	-16.000	-12.000	-12.000	-13.000	-13.000	-13.000	-13.000	-9.000	-13.000	-13.000	-12.000	-13.000	-9.000	-13.000	-14.000	-15.000	-14.000	-12.000	4.000	-1.000
