ni_sample_index,trial_index,alice_bit,alice_basis,alice_state,bob_basis,alice_hv_v,bob_hv_v,ao0_v,ao1_v
751880,0,0,HV,H,RL,-152.0,-47.44,7.6,2.372
751881,1,1,RL,L,HV,152.69,47.52,-7.6345,-2.3760000000000003
751882,2,0,RL,R,RL,-50.87,-47.44,2.5435,2.372
751883,3,1,RL,L,HV,152.69,47.52,-7.6345,-2.3760000000000003
751884,4,0,HV,H,HV,-152.0,47.52,7.6,-2.3760000000000003
751885,5,0,RL,R,HV,-50.87,47.52,2.5435,-2.3760000000000003
751886,6,0,HV,H,RL,-152.0,-47.44,7.6,2.372
751887,7,0,HV,H,RL,-152.0,-47.44,7.6,2.372
751888,8,1,RL,L,RL,152.69,-47.44,-7.6345,2.372
751889,9,1,RL,L,HV,152.69,47.52,-7.6345,-2.3760000000000003
751890,10,0,RL,R,RL,-50.87,-47.44,2.5435,2.372
751891,11,0,RL,R,RL,-50.87,-47.44,2.5435,2.372
751892,12,1,HV,V,RL,50.9,-47.44,-2.545,2.372
751893,13,0,HV,H,RL,-152.0,-47.44,7.6,2.372
751894,14,0,HV,H,RL,-152.0,-47.44,7.6,2.372
751895,15,1,HV,V,RL,50.9,-47.44,-2.545,2.372
751896,16,1,HV,V,RL,50.9,-47.44,-2.545,2.372
751897,17,1,HV,V,RL,50.9,-47.44,-2.545,2.372
751898,18,1,HV,V,HV,50.9,47.52,-2.545,-2.3760000000000003
751899,19,1,RL,L,HV,152.69,47.52,-7.6345,-2.3760000000000003
751900,20,1,HV,V,HV,50.9,47.52,-2.545,-2.3760000000000003
751901,21,1,HV,V,HV,50.9,47.52,-2.545,-2.3760000000000003
751902,22,0,RL,R,RL,-50.87,-47.44,2.5435,2.372
751903,23,1,HV,V,RL,50.9,-47.44,-2.545,2.372
751904,24,1,RL,L,RL,152.69,-47.44,-7.6345,2.372
751905,25,1,HV,V,RL,50.9,-47.44,-2.545,2.372
751906,26,0,RL,R,RL,-50.87,-47.44,2.5435,2.372
751907,27,1,RL,L,RL,152.69,-47.44,-7.6345,2.372
751908,28,0,HV,H,HV,-152.0,47.52,7.6,-2.3760000000000003
751909,29,0,HV,H,RL,-152.0,-47.44,7.6,2.372
751910,30,1,HV,V,RL,50.9,-47.44,-2.545,2.372
751911,31,1,RL,L,HV,152.69,47.52,-7.6345,-2.3760000000000003
751912,32,0,HV,H,RL,-152.0,-47.44,7.6,2.372
751913,33,1,RL,L,HV,152.69,47.52,-7.6345,-2.3760000000000003
751914,34,0,HV,H,RL,-152.0,-47.44,7.6,2.372
751915,35,1,HV,V,HV,50.9,47.52,-2.545,-2.3760000000000003
751916,36,1,RL,L,HV,152.69,47.52,-7.6345,-2.3760000000000003
751917,37,0,HV,H,RL,-152.0,-47.44,7.6,2.372
751918,38,0,RL,R,RL,-50.87,-47.44,2.5435,2.372
751919,39,0,RL,R,RL,-50.87,-47.44,2.5435,2.372
751920,40,1,RL,L,RL,152.69,-47.44,-7.6345,2.372
751921,41,0,RL,R,HV,-50.87,47.52,2.5435,-2.3760000000000003
751922,42,0,RL,R,RL,-50.87,-47.44,2.5435,2.372
751923,43,1,RL,L,HV,152.69,47.52,-7.6345,-2.3760000000000003
751924,44,0,RL,R,HV,-50.87,47.52,2.5435,-2.3760000000000003
751925,45,0,RL,R,HV,-50.87,47.52,2.5435,-2.3760000000000003
751926,46,1,HV,V,HV,50.9,47.52,-2.545,-2.3760000000000003
751927,47,0,HV,H,RL,-152.0,-47.44,7.6,2.372
751928,48,1,HV,V,RL,50.9,-47.44,-2.545,2.372
751929,49,1,HV,V,RL,50.9,-47.44,-2.545,2.372
751930,50,1,RL,L,HV,152.69,47.52,-7.6345,-2.3760000000000003
751931,51,1,HV,V,HV,50.9,47.52,-2.545,-2.3760000000000003
751932,52,1,HV,V,HV,50.9,47.52,-2.545,-2.3760000000000003
751933,53,0,HV,H,HV,-152.0,47.52,7.6,-2.3760000000000003
751934,54,0,HV,H,RL,-152.0,-47.44,7.6,2.372
751935,55,0,RL,R,HV,-50.87,47.52,2.5435,-2.3760000000000003
751936,56,0,RL,R,RL,-50.87,-47.44,2.5435,2.372
751937,57,0,HV,H,HV,-152.0,47.52,7.6,-2.3760000000000003
751938,58,1,HV,V,HV,50.9,47.52,-2.545,-2.3760000000000003
751939,59,0,RL,R,RL,-50.87,-47.44,2.5435,2.372
751940,60,0,RL,R,RL,-50.87,-47.44,2.5435,2.372
751941,61,0,HV,H,HV,-152.0,47.52,7.6,-2.3760000000000003
751942,62,0,RL,R,HV,-50.87,47.52,2.5435,-2.3760000000000003
751943,63,1,HV,V,HV,50.9,47.52,-2.545,-2.3760000000000003
751944,64,1,RL,L,HV,152.69,47.52,-7.6345,-2.3760000000000003
751945,65,0,RL,R,HV,-50.87,47.52,2.5435,-2.3760000000000003
751946,66,0,HV,H,RL,-152.0,-47.44,7.6,2.372
751947,67,1,RL,L,RL,152.69,-47.44,-7.6345,2.372
751948,68,1,RL,L,HV,152.69,47.52,-7.6345,-2.3760000000000003
751949,69,1,HV,V,RL,50.9,-47.44,-2.545,2.372
751950,70,0,RL,R,HV,-50.87,47.52,2.5435,-2.3760000000000003
751951,71,1,RL,L,RL,152.69,-47.44,-7.6345,2.372
751952,72,0,HV,H,RL,-152.0,-47.44,7.6,2.372
751953,73,0,HV,H,RL,-152.0,-47.44,7.6,2.372
751954,74,0,RL,R,HV,-50.87,47.52,2.5435,-2.3760000000000003
751955,75,1,HV,V,HV,50.9,47.52,-2.545,-2.3760000000000003
751956,76,0,RL,R,RL,-50.87,-47.44,2.5435,2.372
751957,77,1,HV,V,HV,50.9,47.52,-2.545,-2.3760000000000003
751958,78,0,RL,R,RL,-50.87,-47.44,2.5435,2.372
751959,79,1,HV,V,RL,50.9,-47.44,-2.545,2.372
751960,80,1,HV,V,HV,50.9,47.52,-2.545,-2.3760000000000003
751961,81,0,HV,H,RL,-152.0,-47.44,7.6,2.372
751962,82,1,HV,V,RL,50.9,-47.44,-2.545,2.372
751963,83,1,HV,V,RL,50.9,-47.44,-2.545,2.372
751964,84,1,RL,L,HV,152.69,47.52,-7.6345,-2.3760000000000003
751965,85,1,RL,L,HV,152.69,47.52,-7.6345,-2.3760000000000003
751966,86,0,RL,R,HV,-50.87,47.52,2.5435,-2.3760000000000003
751967,87,0,HV,H,HV,-152.0,47.52,7.6,-2.3760000000000003
751968,88,1,RL,L,HV,152.69,47.52,-7.6345,-2.3760000000000003
751969,89,0,RL,R,RL,-50.87,-47.44,2.5435,2.372
751970,90,0,HV,H,HV,-152.0,47.52,7.6,-2.3760000000000003
751971,91,0,HV,H,HV,-152.0,47.52,7.6,-2.3760000000000003
751972,92,1,RL,L,HV,152.69,47.52,-7.6345,-2.3760000000000003
751973,93,1,RL,L,RL,152.69,-47.44,-7.6345,2.372
751974,94,0,HV,H,HV,-152.0,47.52,7.6,-2.3760000000000003
751975,95,0,RL,R,HV,-50.87,47.52,2.5435,-2.3760000000000003
751976,96,0,HV,H,RL,-152.0,-47.44,7.6,2.372
751977,97,1,RL,L,RL,152.69,-47.44,-7.6345,2.372
751978,98,1,HV,V,HV,50.9,47.52,-2.545,-2.3760000000000003
751979,99,1,RL,L,HV,152.69,47.52,-7.6345,-2.3760000000000003
751980,100,0,RL,R,RL,-50.87,-47.44,2.5435,2.372
751981,101,1,HV,V,HV,50.9,47.52,-2.545,-2.3760000000000003
751982,102,0,HV,H,HV,-152.0,47.52,7.6,-2.3760000000000003
751983,103,0,RL,R,RL,-50.87,-47.44,2.5435,2.372
751984,104,0,HV,H,HV,-152.0,47.52,7.6,-2.3760000000000003
751985,105,1,RL,L,RL,152.69,-47.44,-7.6345,2.372
751986,106,1,RL,L,RL,152.69,-47.44,-7.6345,2.372
751987,107,1,HV,V,RL,50.9,-47.44,-2.545,2.372
751988,108,1,HV,V,HV,50.9,47.52,-2.545,-2.3760000000000003
751989,109,0,RL,R,RL,-50.87,-47.44,2.5435,2.372
751990,110,0,HV,H,RL,-152.0,-47.44,7.6,2.372
751991,111,0,RL,R,HV,-50.87,47.52,2.5435,-2.3760000000000003
751992,112,0,HV,H,RL,-152.0,-47.44,7.6,2.372
751993,113,0,RL,R,RL,-50.87,-47.44,2.5435,2.372
751994,114,0,RL,R,RL,-50.87,-47.44,2.5435,2.372
751995,115,1,RL,L,RL,152.69,-47.44,-7.6345,2.372
751996,116,0,RL,R,HV,-50.87,47.52,2.5435,-2.3760000000000003
751997,117,1,HV,V,RL,50.9,-47.44,-2.545,2.372
751998,118,0,HV,H,RL,-152.0,-47.44,7.6,2.372
751999,119,1,HV,V,HV,50.9,47.52,-2.545,-2.3760000000000003
752000,120,1,HV,V,RL,50.9,-47.44,-2.545,2.372
752001,121,0,RL,R,RL,-50.87,-47.44,2.5435,2.372
752002,122,1,HV,V,HV,50.9,47.52,-2.545,-2.3760000000000003
752003,123,0,RL,R,RL,-50.87,-47.44,2.5435,2.372
752004,124,0,HV,H,HV,-152.0,47.52,7.6,-2.3760000000000003
752005,125,0,HV,H,RL,-152.0,-47.44,7.6,2.372
752006,126,0,RL,R,RL,-50.87,-47.44,2.5435,2.372
752007,127,1,HV,V,HV,50.9,47.52,-2.545,-2.3760000000000003
752008,128,1,HV,V,RL,50.9,-47.44,-2.545,2.372
752009,129,1,RL,L,HV,152.69,47.52,-7.6345,-2.3760000000000003
752010,130,0,HV,H,RL,-152.0,-47.44,7.6,2.372
752011,131,1,RL,L,HV,152.69,47.52,-7.6345,-2.3760000000000003
752012,132,0,HV,H,HV,-152.0,47.52,7.6,-2.3760000000000003
752013,133,1,RL,L,RL,152.69,-47.44,-7.6345,2.372
752014,134,0,RL,R,RL,-50.87,-47.44,2.5435,2.372
752015,135,0,RL,R,RL,-50.87,-47.44,2.5435,2.372
752016,136,0,RL,R,RL,-50.87,-47.44,2.5435,2.372
752017,137,1,HV,V,RL,50.9,-47.44,-2.545,2.372
752018,138,0,RL,R,HV,-50.87,47.52,2.5435,-2.3760000000000003
752019,139,1,RL,L,HV,152.69,47.52,-7.6345,-2.3760000000000003
752020,140,1,HV,V,RL,50.9,-47.44,-2.545,2.372
752021,141,0,HV,H,HV,-152.0,47.52,7.6,-2.3760000000000003
752022,142,0,HV,H,RL,-152.0,-47.44,7.6,2.372
752023,143,0,RL,R,RL,-50.87,-47.44,2.5435,2.372
752024,144,1,HV,V,RL,50.9,-47.44,-2.545,2.372
752025,145,1,RL,L,RL,152.69,-47.44,-7.6345,2.372
752026,146,1,RL,L,RL,152.69,-47.44,-7.6345,2.372
752027,147,1,HV,V,RL,50.9,-47.44,-2.545,2.372
752028,148,0,HV,H,HV,-152.0,47.52,7.6,-2.3760000000000003
752029,149,0,HV,H,RL,-152.0,-47.44,7.6,2.372
752030,150,1,HV,V,HV,50.9,47.52,-2.545,-2.3760000000000003
752031,151,1,HV,V,HV,50.9,47.52,-2.545,-2.3760000000000003
752032,152,1,HV,V,RL,50.9,-47.44,-2.545,2.372
752033,153,0,RL,R,HV,-50.87,47.52,2.5435,-2.3760000000000003
752034,154,1,RL,L,HV,152.69,47.52,-7.6345,-2.3760000000000003
752035,155,1,HV,V,RL,50.9,-47.44,-2.545,2.372
752036,156,0,RL,R,HV,-50.87,47.52,2.5435,-2.3760000000000003
752037,157,1,RL,L,RL,152.69,-47.44,-7.6345,2.372
752038,158,1,RL,L,RL,152.69,-47.44,-7.6345,2.372
752039,159,1,RL,L,RL,152.69,-47.44,-7.6345,2.372
752040,160,1,HV,V,RL,50.9,-47.44,-2.545,2.372
752041,161,1,RL,L,HV,152.69,47.52,-7.6345,-2.3760000000000003
752042,162,1,HV,V,RL,50.9,-47.44,-2.545,2.372
752043,163,0,RL,R,HV,-50.87,47.52,2.5435,-2.3760000000000003
752044,164,1,RL,L,HV,152.69,47.52,-7.6345,-2.3760000000000003
752045,165,1,HV,V,HV,50.9,47.52,-2.545,-2.3760000000000003
752046,166,0,RL,R,RL,-50.87,-47.44,2.5435,2.372
752047,167,1,HV,V,HV,50.9,47.52,-2.545,-2.3760000000000003
752048,168,1,RL,L,RL,152.69,-47.44,-7.6345,2.372
752049,169,1,HV,V,HV,50.9,47.52,-2.545,-2.3760000000000003
752050,170,0,HV,H,HV,-152.0,47.52,7.6,-2.3760000000000003
752051,171,1,HV,V,HV,50.9,47.52,-2.545,-2.3760000000000003
752052,172,1,HV,V,HV,50.9,47.52,-2.545,-2.3760000000000003
752053,173,0,HV,H,RL,-152.0,-47.44,7.6,2.372
752054,174,1,RL,L,HV,152.69,47.52,-7.6345,-2.3760000000000003
752055,175,1,RL,L,RL,152.69,-47.44,-7.6345,2.372
752056,176,0,RL,R,RL,-50.87,-47.44,2.5435,2.372
752057,177,1,HV,V,HV,50.9,47.52,-2.545,-2.3760000000000003
752058,178,1,HV,V,RL,50.9,-47.44,-2.545,2.372
752059,179,0,HV,H,RL,-152.0,-47.44,7.6,2.372
752060,180,1,HV,V,HV,50.9,47.52,-2.545,-2.3760000000000003
752061,181,1,RL,L,HV,152.69,47.52,-7.6345,-2.3760000000000003
752062,182,0,HV,H,HV,-152.0,47.52,7.6,-2.3760000000000003
752063,183,1,HV,V,RL,50.9,-47.44,-2.545,2.372
752064,184,0,RL,R,HV,-50.87,47.52,2.5435,-2.3760000000000003
752065,185,1,HV,V,HV,50.9,47.52,-2.545,-2.3760000000000003
752066,186,1,RL,L,RL,152.69,-47.44,-7.6345,2.372
752067,187,1,HV,V,HV,50.9,47.52,-2.545,-2.3760000000000003
752068,188,1,RL,L,HV,152.69,47.52,-7.6345,-2.3760000000000003
752069,189,1,RL,L,RL,152.69,-47.44,-7.6345,2.372
752070,190,1,RL,L,RL,152.69,-47.44,-7.6345,2.372
752071,191,0,RL,R,RL,-50.87,-47.44,2.5435,2.372
752072,192,0,RL,R,RL,-50.87,-47.44,2.5435,2.372
752073,193,1,RL,L,HV,152.69,47.52,-7.6345,-2.3760000000000003
752074,194,0,HV,H,HV,-152.0,47.52,7.6,-2.3760000000000003
752075,195,1,RL,L,RL,152.69,-47.44,-7.6345,2.372
752076,196,0,RL,R,HV,-50.87,47.52,2.5435,-2.3760000000000003
752077,197,0,RL,R,RL,-50.87,-47.44,2.5435,2.372
752078,198,0,RL,R,HV,-50.87,47.52,2.5435,-2.3760000000000003
752079,199,1,HV,V,HV,50.9,47.52,-2.545,-2.3760000000000003
752080,200,0,HV,H,RL,-152.0,-47.44,7.6,2.372
752081,201,0,HV,H,RL,-152.0,-47.44,7.6,2.372
752082,202,0,RL,R,RL,-50.87,-47.44,2.5435,2.372
752083,203,0,HV,H,RL,-152.0,-47.44,7.6,2.372
752084,204,0,RL,R,HV,-50.87,47.52,2.5435,-2.3760000000000003
752085,205,1,RL,L,HV,152.69,47.52,-7.6345,-2.3760000000000003
752086,206,0,HV,H,RL,-152.0,-47.44,7.6,2.372
752087,207,1,HV,V,HV,50.9,47.52,-2.545,-2.3760000000000003
752088,208,1,RL,L,HV,152.69,47.52,-7.6345,-2.3760000000000003
752089,209,1,RL,L,RL,152.69,-47.44,-7.6345,2.372
752090,210,1,HV,V,HV,50.9,47.52,-2.545,-2.3760000000000003
752091,211,1,RL,L,HV,152.69,47.52,-7.6345,-2.3760000000000003
752092,212,0,HV,H,RL,-152.0,-47.44,7.6,2.372
752093,213,1,HV,V,HV,50.9,47.52,-2.545,-2.3760000000000003
752094,214,0,RL,R,RL,-50.87,-47.44,2.5435,2.372
752095,215,0,HV,H,HV,-152.0,47.52,7.6,-2.3760000000000003
752096,216,1,RL,L,HV,152.69,47.52,-7.6345,-2.3760000000000003
752097,217,0,RL,R,HV,-50.87,47.52,2.5435,-2.3760000000000003
752098,218,0,HV,H,RL,-152.0,-47.44,7.6,2.372
752099,219,1,HV,V,HV,50.9,47.52,-2.545,-2.3760000000000003
752100,220,0,HV,H,RL,-152.0,-47.44,7.6,2.372
752101,221,1,RL,L,HV,152.69,47.52,-7.6345,-2.3760000000000003
752102,222,0,RL,R,HV,-50.87,47.52,2.5435,-2.3760000000000003
752103,223,0,HV,H,RL,-152.0,-47.44,7.6,2.372
752104,224,0,RL,R,HV,-50.87,47.52,2.5435,-2.3760000000000003
752105,225,0,HV,H,RL,-152.0,-47.44,7.6,2.372
752106,226,0,RL,R,HV,-50.87,47.52,2.5435,-2.3760000000000003
752107,227,1,HV,V,HV,50.9,47.52,-2.545,-2.3760000000000003
752108,228,0,HV,H,RL,-152.0,-47.44,7.6,2.372
752109,229,1,HV,V,RL,50.9,-47.44,-2.545,2.372
752110,230,0,RL,R,HV,-50.87,47.52,2.5435,-2.3760000000000003
752111,231,1,HV,V,HV,50.9,47.52,-2.545,-2.3760000000000003
752112,232,1,HV,V,HV,50.9,47.52,-2.545,-2.3760000000000003
752113,233,1,RL,L,HV,152.69,47.52,-7.6345,-2.3760000000000003
752114,234,0,RL,R,RL,-50.87,-47.44,2.5435,2.372
752115,235,0,RL,R,RL,-50.87,-47.44,2.5435,2.372
752116,236,1,HV,V,RL,50.9,-47.44,-2.545,2.372
752117,237,1,RL,L,RL,152.69,-47.44,-7.6345,2.372
752118,238,0,RL,R,RL,-50.87,-47.44,2.5435,2.372
752119,239,1,RL,L,RL,152.69,-47.44,-7.6345,2.372
752120,240,1,HV,V,HV,50.9,47.52,-2.545,-2.3760000000000003
752121,241,1,HV,V,HV,50.9,47.52,-2.545,-2.3760000000000003
752122,242,0,HV,H,RL,-152.0,-47.44,7.6,2.372
752123,243,1,RL,L,RL,152.69,-47.44,-7.6345,2.372
752124,244,0,HV,H,RL,-152.0,-47.44,7.6,2.372
752125,245,1,RL,L,RL,152.69,-47.44,-7.6345,2.372
752126,246,1,HV,V,HV,50.9,47.52,-2.545,-2.3760000000000003
752127,247,0,HV,H,RL,-152.0,-47.44,7.6,2.372
752128,248,1,HV,V,RL,50.9,-47.44,-2.545,2.372
752129,249,0,RL,R,HV,-50.87,47.52,2.5435,-2.3760000000000003
752130,250,0,RL,R,HV,-50.87,47.52,2.5435,-2.3760000000000003
752131,251,1,RL,L,HV,152.69,47.52,-7.6345,-2.3760000000000003
752132,252,0,HV,H,RL,-152.0,-47.44,7.6,2.372
752133,253,0,HV,H,HV,-152.0,47.52,7.6,-2.3760000000000003
752134,254,1,RL,L,RL,152.69,-47.44,-7.6345,2.372
752135,255,0,HV,H,HV,-152.0,47.52,7.6,-2.3760000000000003
752136,256,0,RL,R,RL,-50.87,-47.44,2.5435,2.372
752137,257,1,RL,L,HV,152.69,47.52,-7.6345,-2.3760000000000003
752138,258,1,RL,L,HV,152.69,47.52,-7.6345,-2.3760000000000003
752139,259,0,RL,R,RL,-50.87,-47.44,2.5435,2.372
752140,260,1,HV,V,RL,50.9,-47.44,-2.545,2.372
752141,261,1,RL,L,RL,152.69,-47.44,-7.6345,2.372
752142,262,0,HV,H,HV,-152.0,47.52,7.6,-2.3760000000000003
752143,263,0,RL,R,HV,-50.87,47.52,2.5435,-2.3760000000000003
752144,264,0,RL,R,RL,-50.87,-47.44,2.5435,2.372
752145,265,0,HV,H,HV,-152.0,47.52,7.6,-2.3760000000000003
752146,266,0,HV,H,HV,-152.0,47.52,7.6,-2.3760000000000003
752147,267,1,HV,V,RL,50.9,-47.44,-2.545,2.372
752148,268,0,RL,R,RL,-50.87,-47.44,2.5435,2.372
752149,269,1,RL,L,HV,152.69,47.52,-7.6345,-2.3760000000000003
752150,270,0,RL,R,HV,-50.87,47.52,2.5435,-2.3760000000000003
752151,271,1,RL,L,RL,152.69,-47.44,-7.6345,2.372
752152,272,1,RL,L,HV,152.69,47.52,-7.6345,-2.3760000000000003
752153,273,1,HV,V,RL,50.9,-47.44,-2.545,2.372
752154,274,1,HV,V,RL,50.9,-47.44,-2.545,2.372
752155,275,0,HV,H,RL,-152.0,-47.44,7.6,2.372
752156,276,0,HV,H,RL,-152.0,-47.44,7.6,2.372
752157,277,0,RL,R,HV,-50.87,47.52,2.5435,-2.3760000000000003
752158,278,0,RL,R,HV,-50.87,47.52,2.5435,-2.3760000000000003
752159,279,1,HV,V,HV,50.9,47.52,-2.545,-2.3760000000000003
752160,280,0,HV,H,RL,-152.0,-47.44,7.6,2.372
752161,281,1,HV,V,RL,50.9,-47.44,-2.545,2.372
752162,282,1,RL,L,RL,152.69,-47.44,-7.6345,2.372
752163,283,1,HV,V,RL,50.9,-47.44,-2.545,2.372
752164,284,1,RL,L,RL,152.69,-47.44,-7.6345,2.372
752165,285,0,RL,R,RL,-50.87,-47.44,2.5435,2.372
752166,286,0,HV,H,RL,-152.0,-47.44,7.6,2.372
752167,287,0,HV,H,HV,-152.0,47.52,7.6,-2.3760000000000003
752168,288,1,RL,L,RL,152.69,-47.44,-7.6345,2.372
752169,289,1,HV,V,RL,50.9,-47.44,-2.545,2.372
752170,290,1,HV,V,RL,50.9,-47.44,-2.545,2.372
752171,291,1,RL,L,HV,152.69,47.52,-7.6345,-2.3760000000000003
752172,292,0,HV,H,HV,-152.0,47.52,7.6,-2.3760000000000003
752173,293,1,RL,L,RL,152.69,-47.44,-7.6345,2.372
752174,294,1,RL,L,HV,152.69,47.52,-7.6345,-2.3760000000000003
752175,295,0,HV,H,HV,-152.0,47.52,7.6,-2.3760000000000003
752176,296,0,HV,H,RL,-152.0,-47.44,7.6,2.372
752177,297,1,HV,V,HV,50.9,47.52,-2.545,-2.3760000000000003
752178,298,1,HV,V,RL,50.9,-47.44,-2.545,2.372
752179,299,0,RL,R,RL,-50.87,-47.44,2.5435,2.372
752180,300,1,RL,L,RL,152.69,-47.44,-7.6345,2.372
752181,301,1,RL,L,RL,152.69,-47.44,-7.6345,2.372
752182,302,1,HV,V,HV,50.9,47.52,-2.545,-2.3760000000000003
752183,303,1,HV,V,RL,50.9,-47.44,-2.545,2.372
752184,304,0,HV,H,RL,-152.0,-47.44,7.6,2.372
752185,305,0,RL,R,RL,-50.87,-47.44,2.5435,2.372
752186,306,1,HV,V,RL,50.9,-47.44,-2.545,2.372
752187,307,0,HV,H,HV,-152.0,47.52,7.6,-2.3760000000000003
752188,308,1,HV,V,HV,50.9,47.52,-2.545,-2.3760000000000003
752189,309,0,HV,H,RL,-152.0,-47.44,7.6,2.372
752190,310,0,HV,H,RL,-152.0,-47.44,7.6,2.372
752191,311,0,RL,R,HV,-50.87,47.52,2.5435,-2.3760000000000003
752192,312,1,HV,V,HV,50.9,47.52,-2.545,-2.3760000000000003
752193,313,0,RL,R,HV,-50.87,47.52,2.5435,-2.3760000000000003
752194,314,0,HV,H,HV,-152.0,47.52,7.6,-2.3760000000000003
752195,315,0,RL,R,HV,-50.87,47.52,2.5435,-2.3760000000000003
752196,316,0,RL,R,RL,-50.87,-47.44,2.5435,2.372
752197,317,0,RL,R,HV,-50.87,47.52,2.5435,-2.3760000000000003
752198,318,0,RL,R,RL,-50.87,-47.44,2.5435,2.372
752199,319,1,RL,L,HV,152.69,47.52,-7.6345,-2.3760000000000003
752200,320,0,RL,R,RL,-50.87,-47.44,2.5435,2.372
752201,321,0,HV,H,HV,-152.0,47.52,7.6,-2.3760000000000003
752202,322,1,HV,V,RL,50.9,-47.44,-2.545,2.372
752203,323,0,RL,R,HV,-50.87,47.52,2.5435,-2.3760000000000003
752204,324,1,HV,V,RL,50.9,-47.44,-2.545,2.372
752205,325,1,RL,L,RL,152.69,-47.44,-7.6345,2.372
752206,326,0,HV,H,RL,-152.0,-47.44,7.6,2.372
752207,327,1,HV,V,HV,50.9,47.52,-2.545,-2.3760000000000003
752208,328,1,HV,V,RL,50.9,-47.44,-2.545,2.372
752209,329,0,RL,R,HV,-50.87,47.52,2.5435,-2.3760000000000003
752210,330,0,RL,R,HV,-50.87,47.52,2.5435,-2.3760000000000003
752211,331,0,HV,H,RL,-152.0,-47.44,7.6,2.372
752212,332,1,RL,L,HV,152.69,47.52,-7.6345,-2.3760000000000003
752213,333,1,RL,L,HV,152.69,47.52,-7.6345,-2.3760000000000003
752214,334,1,HV,V,HV,50.9,47.52,-2.545,-2.3760000000000003
752215,335,0,RL,R,RL,-50.87,-47.44,2.5435,2.372
752216,336,0,HV,H,HV,-152.0,47.52,7.6,-2.3760000000000003
752217,337,1,HV,V,RL,50.9,-47.44,-2.545,2.372
752218,338,0,RL,R,HV,-50.87,47.52,2.5435,-2.3760000000000003
752219,339,1,RL,L,RL,152.69,-47.44,-7.6345,2.372
752220,340,1,HV,V,RL,50.9,-47.44,-2.545,2.372
752221,341,1,RL,L,RL,152.69,-47.44,-7.6345,2.372
752222,342,0,RL,R,RL,-50.87,-47.44,2.5435,2.372
752223,343,1,RL,L,RL,152.69,-47.44,-7.6345,2.372
752224,344,1,HV,V,RL,50.9,-47.44,-2.545,2.372
752225,345,0,HV,H,HV,-152.0,47.52,7.6,-2.3760000000000003
752226,346,1,RL,L,HV,152.69,47.52,-7.6345,-2.3760000000000003
752227,347,0,RL,R,HV,-50.87,47.52,2.5435,-2.3760000000000003
752228,348,1,RL,L,RL,152.69,-47.44,-7.6345,2.372
752229,349,1,RL,L,HV,152.69,47.52,-7.6345,-2.3760000000000003
752230,350,0,HV,H,RL,-152.0,-47.44,7.6,2.372
752231,351,1,HV,V,HV,50.9,47.52,-2.545,-2.3760000000000003
752232,352,0,HV,H,HV,-152.0,47.52,7.6,-2.3760000000000003
752233,353,1,RL,L,HV,152.69,47.52,-7.6345,-2.3760000000000003
752234,354,0,HV,H,HV,-152.0,47.52,7.6,-2.3760000000000003
752235,355,0,RL,R,RL,-50.87,-47.44,2.5435,2.372
752236,356,1,HV,V,HV,50.9,47.52,-2.545,-2.3760000000000003
752237,357,0,HV,H,HV,-152.0,47.52,7.6,-2.3760000000000003
752238,358,1,RL,L,RL,152.69,-47.44,-7.6345,2.372
752239,359,1,RL,L,HV,152.69,47.52,-7.6345,-2.3760000000000003
752240,360,0,RL,R,HV,-50.87,47.52,2.5435,-2.3760000000000003
752241,361,0,HV,H,RL,-152.0,-47.44,7.6,2.372
752242,362,1,HV,V,HV,50.9,47.52,-2.545,-2.3760000000000003
752243,363,0,HV,H,RL,-152.0,-47.44,7.6,2.372
752244,364,1,RL,L,HV,152.69,47.52,-7.6345,-2.3760000000000003
752245,365,0,HV,H,HV,-152.0,47.52,7.6,-2.3760000000000003
752246,366,1,HV,V,HV,50.9,47.52,-2.545,-2.3760000000000003
752247,367,0,RL,R,RL,-50.87,-47.44,2.5435,2.372
752248,368,0,RL,R,RL,-50.87,-47.44,2.5435,2.372
752249,369,1,HV,V,RL,50.9,-47.44,-2.545,2.372
752250,370,1,RL,L,HV,152.69,47.52,-7.6345,-2.3760000000000003
752251,371,0,HV,H,HV,-152.0,47.52,7.6,-2.3760000000000003
752252,372,1,HV,V,RL,50.9,-47.44,-2.545,2.372
752253,373,1,RL,L,HV,152.69,47.52,-7.6345,-2.3760000000000003
752254,374,1,RL,L,HV,152.69,47.52,-7.6345,-2.3760000000000003
752255,375,1,HV,V,HV,50.9,47.52,-2.545,-2.3760000000000003
752256,376,1,HV,V,HV,50.9,47.52,-2.545,-2.3760000000000003
752257,377,0,HV,H,RL,-152.0,-47.44,7.6,2.372
752258,378,1,HV,V,HV,50.9,47.52,-2.545,-2.3760000000000003
752259,379,1,RL,L,HV,152.69,47.52,-7.6345,-2.3760000000000003
752260,380,1,HV,V,RL,50.9,-47.44,-2.545,2.372
752261,381,1,RL,L,RL,152.69,-47.44,-7.6345,2.372
752262,382,1,HV,V,HV,50.9,47.52,-2.545,-2.3760000000000003
752263,383,0,RL,R,RL,-50.87,-47.44,2.5435,2.372
752264,384,0,RL,R,RL,-50.87,-47.44,2.5435,2.372
752265,385,1,RL,L,RL,152.69,-47.44,-7.6345,2.372
752266,386,1,HV,V,RL,50.9,-47.44,-2.545,2.372
752267,387,0,HV,H,RL,-152.0,-47.44,7.6,2.372
752268,388,0,RL,R,HV,-50.87,47.52,2.5435,-2.3760000000000003
752269,389,1,HV,V,RL,50.9,-47.44,-2.545,2.372
752270,390,1,RL,L,RL,152.69,-47.44,-7.6345,2.372
752271,391,1,HV,V,RL,50.9,-47.44,-2.545,2.372
752272,392,0,HV,H,HV,-152.0,47.52,7.6,-2.3760000000000003
752273,393,0,RL,R,RL,-50.87,-47.44,2.5435,2.372
752274,394,1,RL,L,HV,152.69,47.52,-7.6345,-2.3760000000000003
752275,395,1,RL,L,HV,152.69,47.52,-7.6345,-2.3760000000000003
752276,396,1,HV,V,RL,50.9,-47.44,-2.545,2.372
752277,397,0,RL,R,RL,-50.87,-47.44,2.5435,2.372
752278,398,0,HV,H,HV,-152.0,47.52,7.6,-2.3760000000000003
752279,399,0,HV,H,RL,-152.0,-47.44,7.6,2.372
752280,400,1,RL,L,RL,152.69,-47.44,-7.6345,2.372
752281,401,0,RL,R,RL,-50.87,-47.44,2.5435,2.372
752282,402,0,RL,R,RL,-50.87,-47.44,2.5435,2.372
752283,403,1,HV,V,RL,50.9,-47.44,-2.545,2.372
752284,404,0,HV,H,HV,-152.0,47.52,7.6,-2.3760000000000003
752285,405,1,RL,L,RL,152.69,-47.44,-7.6345,2.372
752286,406,1,HV,V,HV,50.9,47.52,-2.545,-2.3760000000000003
752287,407,0,HV,H,RL,-152.0,-47.44,7.6,2.372
752288,408,0,HV,H,HV,-152.0,47.52,7.6,-2.3760000000000003
752289,409,1,RL,L,RL,152.69,-47.44,-7.6345,2.372
752290,410,1,RL,L,RL,152.69,-47.44,-7.6345,2.372
752291,411,0,HV,H,RL,-152.0,-47.44,7.6,2.372
752292,412,1,RL,L,RL,152.69,-47.44,-7.6345,2.372
752293,413,0,RL,R,RL,-50.87,-47.44,2.5435,2.372
752294,414,1,RL,L,HV,152.69,47.52,-7.6345,-2.3760000000000003
752295,415,0,HV,H,RL,-152.0,-47.44,7.6,2.372
752296,416,0,HV,H,HV,-152.0,47.52,7.6,-2.3760000000000003
752297,417,1,RL,L,RL,152.69,-47.44,-7.6345,2.372
752298,418,0,RL,R,HV,-50.87,47.52,2.5435,-2.3760000000000003
752299,419,1,RL,L,HV,152.69,47.52,-7.6345,-2.3760000000000003
752300,420,1,RL,L,HV,152.69,47.52,-7.6345,-2.3760000000000003
752301,421,0,HV,H,RL,-152.0,-47.44,7.6,2.372
752302,422,1,RL,L,RL,152.69,-47.44,-7.6345,2.372
752303,423,0,RL,R,RL,-50.87,-47.44,2.5435,2.372
752304,424,1,HV,V,HV,50.9,47.52,-2.545,-2.3760000000000003
752305,425,0,RL,R,HV,-50.87,47.52,2.5435,-2.3760000000000003
752306,426,1,HV,V,HV,50.9,47.52,-2.545,-2.3760000000000003
752307,427,0,RL,R,HV,-50.87,47.52,2.5435,-2.3760000000000003
752308,428,1,HV,V,RL,50.9,-47.44,-2.545,2.372
752309,429,0,RL,R,HV,-50.87,47.52,2.5435,-2.3760000000000003
752310,430,1,HV,V,RL,50.9,-47.44,-2.545,2.372
752311,431,0,HV,H,RL,-152.0,-47.44,7.6,2.372
752312,432,0,RL,R,HV,-50.87,47.52,2.5435,-2.3760000000000003
752313,433,0,RL,R,HV,-50.87,47.52,2.5435,-2.3760000000000003
752314,434,0,RL,R,RL,-50.87,-47.44,2.5435,2.372
752315,435,1,RL,L,HV,152.69,47.52,-7.6345,-2.3760000000000003
752316,436,0,RL,R,HV,-50.87,47.52,2.5435,-2.3760000000000003
752317,437,1,RL,L,RL,152.69,-47.44,-7.6345,2.372
752318,438,0,RL,R,RL,-50.87,-47.44,2.5435,2.372
752319,439,0,RL,R,RL,-50.87,-47.44,2.5435,2.372
752320,440,1,HV,V,RL,50.9,-47.44,-2.545,2.372
752321,441,0,RL,R,RL,-50.87,-47.44,2.5435,2.372
752322,442,0,HV,H,RL,-152.0,-47.44,7.6,2.372
752323,443,0,HV,H,RL,-152.0,-47.44,7.6,2.372
752324,444,1,HV,V,RL,50.9,-47.44,-2.545,2.372
752325,445,1,RL,L,HV,152.69,47.52,-7.6345,-2.3760000000000003
752326,446,0,HV,H,RL,-152.0,-47.44,7.6,2.372
752327,447,1,HV,V,HV,50.9,47.52,-2.545,-2.3760000000000003
752328,448,0,RL,R,RL,-50.87,-47.44,2.5435,2.372
752329,449,1,RL,L,RL,152.69,-47.44,-7.6345,2.372
752330,450,0,RL,R,RL,-50.87,-47.44,2.5435,2.372
752331,451,1,HV,V,HV,50.9,47.52,-2.545,-2.3760000000000003
752332,452,0,RL,R,HV,-50.87,47.52,2.5435,-2.3760000000000003
752333,453,1,RL,L,RL,152.69,-47.44,-7.6345,2.372
752334,454,1,RL,L,RL,152.69,-47.44,-7.6345,2.372
752335,455,0,HV,H,HV,-152.0,47.52,7.6,-2.3760000000000003
752336,456,1,HV,V,RL,50.9,-47.44,-2.545,2.372
752337,457,1,RL,L,RL,152.69,-47.44,-7.6345,2.372
752338,458,1,HV,V,RL,50.9,-47.44,-2.545,2.372
752339,459,0,RL,R,RL,-50.87,-47.44,2.5435,2.372
752340,460,0,RL,R,HV,-50.87,47.52,2.5435,-2.3760000000000003
752341,461,1,HV,V,RL,50.9,-47.44,-2.545,2.372
752342,462,0,RL,R,RL,-50.87,-47.44,2.5435,2.372
752343,463,1,RL,L,RL,152.69,-47.44,-7.6345,2.372
752344,464,1,RL,L,RL,152.69,-47.44,-7.6345,2.372
752345,465,1,RL,L,RL,152.69,-47.44,-7.6345,2.372
752346,466,1,HV,V,HV,50.9,47.52,-2.545,-2.3760000000000003
752347,467,0,RL,R,RL,-50.87,-47.44,2.5435,2.372
752348,468,0,HV,H,RL,-152.0,-47.44,7.6,2.372
752349,469,0,HV,H,RL,-152.0,-47.44,7.6,2.372
752350,470,0,HV,H,RL,-152.0,-47.44,7.6,2.372
752351,471,1,HV,V,HV,50.9,47.52,-2.545,-2.3760000000000003
752352,472,1,RL,L,RL,152.69,-47.44,-7.6345,2.372
752353,473,0,HV,H,HV,-152.0,47.52,7.6,-2.3760000000000003
752354,474,0,RL,R,HV,-50.87,47.52,2.5435,-2.3760000000000003
752355,475,1,HV,V,HV,50.9,47.52,-2.545,-2.3760000000000003
752356,476,0,HV,H,RL,-152.0,-47.44,7.6,2.372
752357,477,0,RL,R,RL,-50.87,-47.44,2.5435,2.372
752358,478,0,HV,H,RL,-152.0,-47.44,7.6,2.372
752359,479,0,HV,H,RL,-152.0,-47.44,7.6,2.372
752360,480,0,HV,H,HV,-152.0,47.52,7.6,-2.3760000000000003
752361,481,1,HV,V,HV,50.9,47.52,-2.545,-2.3760000000000003
752362,482,0,RL,R,HV,-50.87,47.52,2.5435,-2.3760000000000003
752363,483,0,RL,R,HV,-50.87,47.52,2.5435,-2.3760000000000003
752364,484,0,HV,H,RL,-152.0,-47.44,7.6,2.372
752365,485,0,HV,H,HV,-152.0,47.52,7.6,-2.3760000000000003
752366,486,1,HV,V,RL,50.9,-47.44,-2.545,2.372
752367,487,1,RL,L,HV,152.69,47.52,-7.6345,-2.3760000000000003
752368,488,0,RL,R,HV,-50.87,47.52,2.5435,-2.3760000000000003
752369,489,1,HV,V,RL,50.9,-47.44,-2.545,2.372
752370,490,0,HV,H,RL,-152.0,-47.44,7.6,2.372
752371,491,0,HV,H,RL,-152.0,-47.44,7.6,2.372
752372,492,1,HV,V,RL,50.9,-47.44,-2.545,2.372
752373,493,1,RL,L,RL,152.69,-47.44,-7.6345,2.372
752374,494,1,HV,V,HV,50.9,47.52,-2.545,-2.3760000000000003
752375,495,1,HV,V,HV,50.9,47.52,-2.545,-2.3760000000000003
752376,496,0,RL,R,RL,-50.87,-47.44,2.5435,2.372
752377,497,0,HV,H,HV,-152.0,47.52,7.6,-2.3760000000000003
752378,498,1,RL,L,HV,152.69,47.52,-7.6345,-2.3760000000000003
752379,499,0,RL,R,RL,-50.87,-47.44,2.5435,2.372
752380,500,1,RL,L,HV,152.69,47.52,-7.6345,-2.3760000000000003
752381,501,1,HV,V,HV,50.9,47.52,-2.545,-2.3760000000000003
752382,502,1,HV,V,RL,50.9,-47.44,-2.545,2.372
752383,503,0,HV,H,RL,-152.0,-47.44,7.6,2.372
752384,504,0,HV,H,HV,-152.0,47.52,7.6,-2.3760000000000003
752385,505,0,HV,H,HV,-152.0,47.52,7.6,-2.3760000000000003
752386,506,0,HV,H,RL,-152.0,-47.44,7.6,2.372
752387,507,0,HV,H,HV,-152.0,47.52,7.6,-2.3760000000000003
752388,508,0,HV,H,RL,-152.0,-47.44,7.6,2.372
752389,509,1,RL,L,HV,152.69,47.52,-7.6345,-2.3760000000000003
752390,510,1,HV,V,RL,50.9,-47.44,-2.545,2.372
752391,511,1,HV,V,HV,50.9,47.52,-2.545,-2.3760000000000003
752392,512,1,HV,V,RL,50.9,-47.44,-2.545,2.372
752393,513,0,HV,H,HV,-152.0,47.52,7.6,-2.3760000000000003
752394,514,0,RL,R,RL,-50.87,-47.44,2.5435,2.372
752395,515,0,RL,R,HV,-50.87,47.52,2.5435,-2.3760000000000003
752396,516,0,HV,H,RL,-152.0,-47.44,7.6,2.372
752397,517,0,RL,R,HV,-50.87,47.52,2.5435,-2.3760000000000003
752398,518,0,HV,H,RL,-152.0,-47.44,7.6,2.372
752399,519,0,HV,H,RL,-152.0,-47.44,7.6,2.372
752400,520,0,RL,R,RL,-50.87,-47.44,2.5435,2.372
752401,521,0,HV,H,HV,-152.0,47.52,7.6,-2.3760000000000003
752402,522,0,HV,H,HV,-152.0,47.52,7.6,-2.3760000000000003
752403,523,1,HV,V,HV,50.9,47.52,-2.545,-2.3760000000000003
752404,524,1,HV,V,RL,50.9,-47.44,-2.545,2.372
752405,525,0,HV,H,HV,-152.0,47.52,7.6,-2.3760000000000003
752406,526,1,HV,V,HV,50.9,47.52,-2.545,-2.3760000000000003
752407,527,1,RL,L,HV,152.69,47.52,-7.6345,-2.3760000000000003
752408,528,0,HV,H,HV,-152.0,47.52,7.6,-2.3760000000000003
752409,529,0,HV,H,HV,-152.0,47.52,7.6,-2.3760000000000003
752410,530,1,HV,V,RL,50.9,-47.44,-2.545,2.372
752411,531,1,RL,L,HV,152.69,47.52,-7.6345,-2.3760000000000003
752412,532,1,HV,V,HV,50.9,47.52,-2.545,-2.3760000000000003
752413,533,0,RL,R,HV,-50.87,47.52,2.5435,-2.3760000000000003
752414,534,0,HV,H,HV,-152.0,47.52,7.6,-2.3760000000000003
752415,535,0,HV,H,RL,-152.0,-47.44,7.6,2.372
752416,536,0,HV,H,RL,-152.0,-47.44,7.6,2.372
752417,537,0,HV,H,RL,-152.0,-47.44,7.6,2.372
752418,538,0,HV,H,RL,-152.0,-47.44,7.6,2.372
752419,539,1,RL,L,RL,152.69,-47.44,-7.6345,2.372
752420,540,0,HV,H,HV,-152.0,47.52,7.6,-2.3760000000000003
752421,541,1,HV,V,RL,50.9,-47.44,-2.545,2.372
752422,542,0,HV,H,RL,-152.0,-47.44,7.6,2.372
752423,543,1,RL,L,HV,152.69,47.52,-7.6345,-2.3760000000000003
752424,544,1,HV,V,RL,50.9,-47.44,-2.545,2.372
752425,545,1,RL,L,RL,152.69,-47.44,-7.6345,2.372
752426,546,1,RL,L,HV,152.69,47.52,-7.6345,-2.3760000000000003
752427,547,1,HV,V,HV,50.9,47.52,-2.545,-2.3760000000000003
752428,548,1,HV,V,HV,50.9,47.52,-2.545,-2.3760000000000003
752429,549,0,RL,R,HV,-50.87,47.52,2.5435,-2.3760000000000003
752430,550,1,HV,V,RL,50.9,-47.44,-2.545,2.372
752431,551,1,RL,L,RL,152.69,-47.44,-7.6345,2.372
752432,552,0,HV,H,RL,-152.0,-47.44,7.6,2.372
752433,553,1,HV,V,HV,50.9,47.52,-2.545,-2.3760000000000003
752434,554,1,HV,V,RL,50.9,-47.44,-2.545,2.372
752435,555,1,RL,L,HV,152.69,47.52,-7.6345,-2.3760000000000003
752436,556,0,RL,R,RL,-50.87,-47.44,2.5435,2.372
752437,557,0,RL,R,RL,-50.87,-47.44,2.5435,2.372
752438,558,1,HV,V,RL,50.9,-47.44,-2.545,2.372
752439,559,0,RL,R,RL,-50.87,-47.44,2.5435,2.372
752440,560,1,HV,V,HV,50.9,47.52,-2.545,-2.3760000000000003
752441,561,0,RL,R,HV,-50.87,47.52,2.5435,-2.3760000000000003
752442,562,0,RL,R,RL,-50.87,-47.44,2.5435,2.372
752443,563,0,RL,R,HV,-50.87,47.52,2.5435,-2.3760000000000003
752444,564,0,RL,R,HV,-50.87,47.52,2.5435,-2.3760000000000003
752445,565,1,HV,V,RL,50.9,-47.44,-2.545,2.372
752446,566,1,HV,V,HV,50.9,47.52,-2.545,-2.3760000000000003
752447,567,1,RL,L,RL,152.69,-47.44,-7.6345,2.372
752448,568,1,HV,V,RL,50.9,-47.44,-2.545,2.372
752449,569,1,HV,V,RL,50.9,-47.44,-2.545,2.372
752450,570,1,HV,V,RL,50.9,-47.44,-2.545,2.372
752451,571,0,HV,H,HV,-152.0,47.52,7.6,-2.3760000000000003
752452,572,0,RL,R,RL,-50.87,-47.44,2.5435,2.372
752453,573,1,HV,V,HV,50.9,47.52,-2.545,-2.3760000000000003
752454,574,1,HV,V,HV,50.9,47.52,-2.545,-2.3760000000000003
752455,575,1,HV,V,HV,50.9,47.52,-2.545,-2.3760000000000003
752456,576,1,RL,L,HV,152.69,47.52,-7.6345,-2.3760000000000003
752457,577,0,RL,R,HV,-50.87,47.52,2.5435,-2.3760000000000003
752458,578,0,RL,R,HV,-50.87,47.52,2.5435,-2.3760000000000003
752459,579,1,HV,V,HV,50.9,47.52,-2.545,-2.3760000000000003
752460,580,0,HV,H,RL,-152.0,-47.44,7.6,2.372
752461,581,1,RL,L,RL,152.69,-47.44,-7.6345,2.372
752462,582,1,RL,L,RL,152.69,-47.44,-7.6345,2.372
752463,583,0,RL,R,RL,-50.87,-47.44,2.5435,2.372
752464,584,1,HV,V,RL,50.9,-47.44,-2.545,2.372
752465,585,0,RL,R,RL,-50.87,-47.44,2.5435,2.372
752466,586,0,HV,H,RL,-152.0,-47.44,7.6,2.372
752467,587,0,HV,H,HV,-152.0,47.52,7.6,-2.3760000000000003
752468,588,0,HV,H,HV,-152.0,47.52,7.6,-2.3760000000000003
752469,589,1,HV,V,RL,50.9,-47.44,-2.545,2.372
752470,590,1,HV,V,HV,50.9,47.52,-2.545,-2.3760000000000003
752471,591,0,HV,H,RL,-152.0,-47.44,7.6,2.372
752472,592,0,RL,R,RL,-50.87,-47.44,2.5435,2.372
752473,593,0,RL,R,HV,-50.87,47.52,2.5435,-2.3760000000000003
752474,594,0,RL,R,HV,-50.87,47.52,2.5435,-2.3760000000000003
752475,595,1,RL,L,RL,152.69,-47.44,-7.6345,2.372
752476,596,1,HV,V,RL,50.9,-47.44,-2.545,2.372
752477,597,0,RL,R,HV,-50.87,47.52,2.5435,-2.3760000000000003
752478,598,1,RL,L,RL,152.69,-47.44,-7.6345,2.372
752479,599,1,HV,V,HV,50.9,47.52,-2.545,-2.3760000000000003
752480,600,1,RL,L,RL,152.69,-47.44,-7.6345,2.372
752481,601,0,RL,R,HV,-50.87,47.52,2.5435,-2.3760000000000003
752482,602,1,RL,L,RL,152.69,-47.44,-7.6345,2.372
752483,603,0,HV,H,HV,-152.0,47.52,7.6,-2.3760000000000003
752484,604,0,HV,H,RL,-152.0,-47.44,7.6,2.372
752485,605,1,RL,L,RL,152.69,-47.44,-7.6345,2.372
752486,606,0,HV,H,HV,-152.0,47.52,7.6,-2.3760000000000003
752487,607,1,RL,L,HV,152.69,47.52,-7.6345,-2.3760000000000003
752488,608,1,RL,L,HV,152.69,47.52,-7.6345,-2.3760000000000003
752489,609,0,RL,R,HV,-50.87,47.52,2.5435,-2.3760000000000003
752490,610,1,HV,V,HV,50.9,47.52,-2.545,-2.3760000000000003
752491,611,0,RL,R,HV,-50.87,47.52,2.5435,-2.3760000000000003
752492,612,0,RL,R,RL,-50.87,-47.44,2.5435,2.372
752493,613,1,RL,L,HV,152.69,47.52,-7.6345,-2.3760000000000003
752494,614,1,HV,V,RL,50.9,-47.44,-2.545,2.372
752495,615,1,RL,L,HV,152.69,47.52,-7.6345,-2.3760000000000003
752496,616,0,RL,R,HV,-50.87,47.52,2.5435,-2.3760000000000003
752497,617,1,HV,V,RL,50.9,-47.44,-2.545,2.372
752498,618,1,HV,V,HV,50.9,47.52,-2.545,-2.3760000000000003
752499,619,0,RL,R,RL,-50.87,-47.44,2.5435,2.372
752500,620,1,RL,L,HV,152.69,47.52,-7.6345,-2.3760000000000003
752501,621,0,HV,H,RL,-152.0,-47.44,7.6,2.372
752502,622,0,RL,R,RL,-50.87,-47.44,2.5435,2.372
752503,623,1,HV,V,RL,50.9,-47.44,-2.545,2.372
752504,624,1,RL,L,RL,152.69,-47.44,-7.6345,2.372
752505,625,0,RL,R,RL,-50.87,-47.44,2.5435,2.372
752506,626,1,HV,V,RL,50.9,-47.44,-2.545,2.372
752507,627,0,HV,H,HV,-152.0,47.52,7.6,-2.3760000000000003
752508,628,1,RL,L,RL,152.69,-47.44,-7.6345,2.372
752509,629,1,HV,V,HV,50.9,47.52,-2.545,-2.3760000000000003
752510,630,0,RL,R,HV,-50.87,47.52,2.5435,-2.3760000000000003
752511,631,0,HV,H,RL,-152.0,-47.44,7.6,2.372
752512,632,1,RL,L,RL,152.69,-47.44,-7.6345,2.372
752513,633,0,RL,R,RL,-50.87,-47.44,2.5435,2.372
752514,634,0,HV,H,HV,-152.0,47.52,7.6,-2.3760000000000003
752515,635,1,HV,V,HV,50.9,47.52,-2.545,-2.3760000000000003
752516,636,1,RL,L,RL,152.69,-47.44,-7.6345,2.372
752517,637,1,HV,V,HV,50.9,47.52,-2.545,-2.3760000000000003
752518,638,0,HV,H,RL,-152.0,-47.44,7.6,2.372
752519,639,0,RL,R,RL,-50.87,-47.44,2.5435,2.372
752520,640,1,RL,L,HV,152.69,47.52,-7.6345,-2.3760000000000003
752521,641,1,RL,L,HV,152.69,47.52,-7.6345,-2.3760000000000003
752522,642,1,RL,L,HV,152.69,47.52,-7.6345,-2.3760000000000003
752523,643,1,RL,L,HV,152.69,47.52,-7.6345,-2.3760000000000003
752524,644,0,RL,R,HV,-50.87,47.52,2.5435,-2.3760000000000003
752525,645,0,RL,R,HV,-50.87,47.52,2.5435,-2.3760000000000003
752526,646,1,HV,V,RL,50.9,-47.44,-2.545,2.372
752527,647,0,RL,R,HV,-50.87,47.52,2.5435,-2.3760000000000003
752528,648,0,RL,R,RL,-50.87,-47.44,2.5435,2.372
752529,649,0,HV,H,HV,-152.0,47.52,7.6,-2.3760000000000003
752530,650,0,HV,H,RL,-152.0,-47.44,7.6,2.372
752531,651,0,RL,R,RL,-50.87,-47.44,2.5435,2.372
752532,652,0,RL,R,HV,-50.87,47.52,2.5435,-2.3760000000000003
752533,653,1,RL,L,HV,152.69,47.52,-7.6345,-2.3760000000000003
752534,654,0,HV,H,HV,-152.0,47.52,7.6,-2.3760000000000003
752535,655,0,RL,R,HV,-50.87,47.52,2.5435,-2.3760000000000003
752536,656,0,RL,R,HV,-50.87,47.52,2.5435,-2.3760000000000003
752537,657,1,RL,L,HV,152.69,47.52,-7.6345,-2.3760000000000003
752538,658,0,RL,R,RL,-50.87,-47.44,2.5435,2.372
752539,659,0,HV,H,HV,-152.0,47.52,7.6,-2.3760000000000003
752540,660,0,RL,R,RL,-50.87,-47.44,2.5435,2.372
752541,661,1,RL,L,HV,152.69,47.52,-7.6345,-2.3760000000000003
752542,662,0,RL,R,HV,-50.87,47.52,2.5435,-2.3760000000000003
752543,663,1,HV,V,HV,50.9,47.52,-2.545,-2.3760000000000003
752544,664,0,HV,H,RL,-152.0,-47.44,7.6,2.372
752545,665,0,RL,R,RL,-50.87,-47.44,2.5435,2.372
752546,666,0,RL,R,HV,-50.87,47.52,2.5435,-2.3760000000000003
752547,667,1,HV,V,HV,50.9,47.52,-2.545,-2.3760000000000003
752548,668,0,HV,H,RL,-152.0,-47.44,7.6,2.372
752549,669,1,HV,V,RL,50.9,-47.44,-2.545,2.372
752550,670,1,RL,L,RL,152.69,-47.44,-7.6345,2.372
752551,671,0,HV,H,HV,-152.0,47.52,7.6,-2.3760000000000003
752552,672,0,HV,H,HV,-152.0,47.52,7.6,-2.3760000000000003
752553,673,0,RL,R,RL,-50.87,-47.44,2.5435,2.372
752554,674,1,HV,V,RL,50.9,-47.44,-2.545,2.372
752555,675,0,RL,R,RL,-50.87,-47.44,2.5435,2.372
752556,676,0,RL,R,HV,-50.87,47.52,2.5435,-2.3760000000000003
752557,677,1,RL,L,RL,152.69,-47.44,-7.6345,2.372
752558,678,0,RL,R,RL,-50.87,-47.44,2.5435,2.372
752559,679,1,HV,V,RL,50.9,-47.44,-2.545,2.372
752560,680,0,RL,R,HV,-50.87,47.52,2.5435,-2.3760000000000003
752561,681,1,RL,L,HV,152.69,47.52,-7.6345,-2.3760000000000003
752562,682,1,HV,V,HV,50.9,47.52,-2.545,-2.3760000000000003
752563,683,1,HV,V,HV,50.9,47.52,-2.545,-2.3760000000000003
752564,684,0,RL,R,HV,-50.87,47.52,2.5435,-2.3760000000000003
752565,685,1,RL,L,RL,152.69,-47.44,-7.6345,2.372
752566,686,1,HV,V,RL,50.9,-47.44,-2.545,2.372
752567,687,1,RL,L,RL,152.69,-47.44,-7.6345,2.372
752568,688,0,HV,H,RL,-152.0,-47.44,7.6,2.372
752569,689,1,RL,L,RL,152.69,-47.44,-7.6345,2.372
752570,690,0,RL,R,HV,-50.87,47.52,2.5435,-2.3760000000000003
752571,691,1,HV,V,HV,50.9,47.52,-2.545,-2.3760000000000003
752572,692,0,RL,R,HV,-50.87,47.52,2.5435,-2.3760000000000003
752573,693,0,RL,R,HV,-50.87,47.52,2.5435,-2.3760000000000003
752574,694,0,HV,H,RL,-152.0,-47.44,7.6,2.372
752575,695,1,RL,L,HV,152.69,47.52,-7.6345,-2.3760000000000003
752576,696,0,RL,R,HV,-50.87,47.52,2.5435,-2.3760000000000003
752577,697,0,HV,H,HV,-152.0,47.52,7.6,-2.3760000000000003
752578,698,0,HV,H,RL,-152.0,-47.44,7.6,2.372
752579,699,1,RL,L,RL,152.69,-47.44,-7.6345,2.372
752580,700,0,RL,R,HV,-50.87,47.52,2.5435,-2.3760000000000003
752581,701,0,HV,H,RL,-152.0,-47.44,7.6,2.372
752582,702,1,RL,L,RL,152.69,-47.44,-7.6345,2.372
752583,703,1,HV,V,HV,50.9,47.52,-2.545,-2.3760000000000003
752584,704,0,RL,R,RL,-50.87,-47.44,2.5435,2.372
752585,705,0,RL,R,HV,-50.87,47.52,2.5435,-2.3760000000000003
752586,706,0,HV,H,RL,-152.0,-47.44,7.6,2.372
752587,707,0,RL,R,HV,-50.87,47.52,2.5435,-2.3760000000000003
752588,708,1,RL,L,HV,152.69,47.52,-7.6345,-2.3760000000000003
752589,709,0,RL,R,RL,-50.87,-47.44,2.5435,2.372
752590,710,1,RL,L,RL,152.69,-47.44,-7.6345,2.372
752591,711,1,HV,V,RL,50.9,-47.44,-2.545,2.372
752592,712,0,RL,R,HV,-50.87,47.52,2.5435,-2.3760000000000003
752593,713,1,RL,L,RL,152.69,-47.44,-7.6345,2.372
752594,714,1,HV,V,RL,50.9,-47.44,-2.545,2.372
752595,715,0,RL,R,RL,-50.87,-47.44,2.5435,2.372
752596,716,1,HV,V,RL,50.9,-47.44,-2.545,2.372
752597,717,0,RL,R,HV,-50.87,47.52,2.5435,-2.3760000000000003
752598,718,1,HV,V,HV,50.9,47.52,-2.545,-2.3760000000000003
752599,719,0,RL,R,RL,-50.87,-47.44,2.5435,2.372
752600,720,0,HV,H,HV,-152.0,47.52,7.6,-2.3760000000000003
752601,721,0,RL,R,RL,-50.87,-47.44,2.5435,2.372
752602,722,0,HV,H,RL,-152.0,-47.44,7.6,2.372
752603,723,0,HV,H,HV,-152.0,47.52,7.6,-2.3760000000000003
752604,724,1,HV,V,HV,50.9,47.52,-2.545,-2.3760000000000003
752605,725,1,HV,V,RL,50.9,-47.44,-2.545,2.372
752606,726,1,HV,V,HV,50.9,47.52,-2.545,-2.3760000000000003
752607,727,0,RL,R,HV,-50.87,47.52,2.5435,-2.3760000000000003
752608,728,1,RL,L,RL,152.69,-47.44,-7.6345,2.372
752609,729,1,RL,L,HV,152.69,47.52,-7.6345,-2.3760000000000003
752610,730,1,HV,V,HV,50.9,47.52,-2.545,-2.3760000000000003
752611,731,0,RL,R,RL,-50.87,-47.44,2.5435,2.372
752612,732,1,HV,V,HV,50.9,47.52,-2.545,-2.3760000000000003
752613,733,1,HV,V,RL,50.9,-47.44,-2.545,2.372
752614,734,1,RL,L,HV,152.69,47.52,-7.6345,-2.3760000000000003
752615,735,0,RL,R,HV,-50.87,47.52,2.5435,-2.3760000000000003
752616,736,0,RL,R,HV,-50.87,47.52,2.5435,-2.3760000000000003
752617,737,1,HV,V,RL,50.9,-47.44,-2.545,2.372
752618,738,1,HV,V,HV,50.9,47.52,-2.545,-2.3760000000000003
752619,739,1,HV,V,RL,50.9,-47.44,-2.545,2.372
752620,740,0,HV,H,RL,-152.0,-47.44,7.6,2.372
752621,741,0,RL,R,HV,-50.87,47.52,2.5435,-2.3760000000000003
752622,742,1,RL,L,HV,152.69,47.52,-7.6345,-2.3760000000000003
752623,743,0,RL,R,HV,-50.87,47.52,2.5435,-2.3760000000000003
752624,744,1,RL,L,RL,152.69,-47.44,-7.6345,2.372
752625,745,0,RL,R,HV,-50.87,47.52,2.5435,-2.3760000000000003
752626,746,0,HV,H,HV,-152.0,47.52,7.6,-2.3760000000000003
752627,747,1,HV,V,RL,50.9,-47.44,-2.545,2.372
752628,748,0,RL,R,RL,-50.87,-47.44,2.5435,2.372
752629,749,0,RL,R,RL,-50.87,-47.44,2.5435,2.372
752630,750,1,HV,V,HV,50.9,47.52,-2.545,-2.3760000000000003
752631,751,1,RL,L,RL,152.69,-47.44,-7.6345,2.372
752632,752,0,HV,H,RL,-152.0,-47.44,7.6,2.372
752633,753,0,HV,H,HV,-152.0,47.52,7.6,-2.3760000000000003
752634,754,1,HV,V,HV,50.9,47.52,-2.545,-2.3760000000000003
752635,755,0,RL,R,RL,-50.87,-47.44,2.5435,2.372
752636,756,1,RL,L,RL,152.69,-47.44,-7.6345,2.372
752637,757,1,HV,V,RL,50.9,-47.44,-2.545,2.372
752638,758,0,HV,H,RL,-152.0,-47.44,7.6,2.372
752639,759,0,HV,H,RL,-152.0,-47.44,7.6,2.372
752640,760,1,HV,V,HV,50.9,47.52,-2.545,-2.3760000000000003
752641,761,0,HV,H,HV,-152.0,47.52,7.6,-2.3760000000000003
752642,762,0,HV,H,RL,-152.0,-47.44,7.6,2.372
752643,763,0,HV,H,RL,-152.0,-47.44,7.6,2.372
752644,764,1,RL,L,HV,152.69,47.52,-7.6345,-2.3760000000000003
752645,765,0,RL,R,RL,-50.87,-47.44,2.5435,2.372
752646,766,0,HV,H,HV,-152.0,47.52,7.6,-2.3760000000000003
752647,767,0,RL,R,RL,-50.87,-47.44,2.5435,2.372
752648,768,0,HV,H,RL,-152.0,-47.44,7.6,2.372
752649,769,0,HV,H,RL,-152.0,-47.44,7.6,2.372
752650,770,1,RL,L,RL,152.69,-47.44,-7.6345,2.372
752651,771,1,HV,V,RL,50.9,-47.44,-2.545,2.372
752652,772,0,RL,R,RL,-50.87,-47.44,2.5435,2.372
752653,773,1,RL,L,RL,152.69,-47.44,-7.6345,2.372
752654,774,0,HV,H,RL,-152.0,-47.44,7.6,2.372
752655,775,1,RL,L,RL,152.69,-47.44,-7.6345,2.372
752656,776,1,HV,V,RL,50.9,-47.44,-2.545,2.372
752657,777,0,RL,R,RL,-50.87,-47.44,2.5435,2.372
752658,778,0,HV,H,HV,-152.0,47.52,7.6,-2.3760000000000003
752659,779,0,HV,H,HV,-152.0,47.52,7.6,-2.3760000000000003
752660,780,0,RL,R,RL,-50.87,-47.44,2.5435,2.372
752661,781,0,RL,R,RL,-50.87,-47.44,2.5435,2.372
752662,782,1,RL,L,HV,152.69,47.52,-7.6345,-2.3760000000000003
752663,783,1,RL,L,RL,152.69,-47.44,-7.6345,2.372
752664,784,1,HV,V,RL,50.9,-47.44,-2.545,2.372
752665,785,1,HV,V,HV,50.9,47.52,-2.545,-2.3760000000000003
752666,786,1,HV,V,HV,50.9,47.52,-2.545,-2.3760000000000003
752667,787,0,HV,H,RL,-152.0,-47.44,7.6,2.372
752668,788,1,RL,L,HV,152.69,47.52,-7.6345,-2.3760000000000003
752669,789,1,RL,L,RL,152.69,-47.44,-7.6345,2.372
752670,790,1,HV,V,RL,50.9,-47.44,-2.545,2.372
752671,791,0,HV,H,RL,-152.0,-47.44,7.6,2.372
752672,792,0,RL,R,RL,-50.87,-47.44,2.5435,2.372
752673,793,0,HV,H,HV,-152.0,47.52,7.6,-2.3760000000000003
752674,794,1,HV,V,HV,50.9,47.52,-2.545,-2.3760000000000003
752675,795,1,RL,L,HV,152.69,47.52,-7.6345,-2.3760000000000003
752676,796,0,HV,H,RL,-152.0,-47.44,7.6,2.372
752677,797,1,HV,V,HV,50.9,47.52,-2.545,-2.3760000000000003
752678,798,1,HV,V,RL,50.9,-47.44,-2.545,2.372
752679,799,1,HV,V,HV,50.9,47.52,-2.545,-2.3760000000000003
752680,800,0,HV,H,HV,-152.0,47.52,7.6,-2.3760000000000003
752681,801,1,RL,L,RL,152.69,-47.44,-7.6345,2.372
752682,802,0,HV,H,HV,-152.0,47.52,7.6,-2.3760000000000003
752683,803,1,HV,V,RL,50.9,-47.44,-2.545,2.372
752684,804,0,HV,H,HV,-152.0,47.52,7.6,-2.3760000000000003
752685,805,1,HV,V,HV,50.9,47.52,-2.545,-2.3760000000000003
752686,806,1,RL,L,HV,152.69,47.52,-7.6345,-2.3760000000000003
752687,807,1,RL,L,RL,152.69,-47.44,-7.6345,2.372
752688,808,0,RL,R,RL,-50.87,-47.44,2.5435,2.372
752689,809,1,RL,L,HV,152.69,47.52,-7.6345,-2.3760000000000003
752690,810,1,RL,L,RL,152.69,-47.44,-7.6345,2.372
752691,811,0,RL,R,HV,-50.87,47.52,2.5435,-2.3760000000000003
752692,812,0,RL,R,HV,-50.87,47.52,2.5435,-2.3760000000000003
752693,813,0,RL,R,HV,-50.87,47.52,2.5435,-2.3760000000000003
752694,814,1,HV,V,RL,50.9,-47.44,-2.545,2.372
752695,815,0,RL,R,HV,-50.87,47.52,2.5435,-2.3760000000000003
752696,816,0,RL,R,HV,-50.87,47.52,2.5435,-2.3760000000000003
752697,817,1,HV,V,HV,50.9,47.52,-2.545,-2.3760000000000003
752698,818,1,RL,L,RL,152.69,-47.44,-7.6345,2.372
752699,819,0,HV,H,RL,-152.0,-47.44,7.6,2.372
752700,820,0,HV,H,HV,-152.0,47.52,7.6,-2.3760000000000003
752701,821,1,RL,L,HV,152.69,47.52,-7.6345,-2.3760000000000003
752702,822,1,RL,L,HV,152.69,47.52,-7.6345,-2.3760000000000003
752703,823,0,RL,R,HV,-50.87,47.52,2.5435,-2.3760000000000003
752704,824,1,HV,V,HV,50.9,47.52,-2.545,-2.3760000000000003
752705,825,1,HV,V,HV,50.9,47.52,-2.545,-2.3760000000000003
752706,826,0,RL,R,RL,-50.87,-47.44,2.5435,2.372
752707,827,1,HV,V,HV,50.9,47.52,-2.545,-2.3760000000000003
752708,828,1,RL,L,RL,152.69,-47.44,-7.6345,2.372
752709,829,1,RL,L,HV,152.69,47.52,-7.6345,-2.3760000000000003
752710,830,1,RL,L,HV,152.69,47.52,-7.6345,-2.3760000000000003
752711,831,0,HV,H,RL,-152.0,-47.44,7.6,2.372
752712,832,0,HV,H,RL,-152.0,-47.44,7.6,2.372
752713,833,1,RL,L,RL,152.69,-47.44,-7.6345,2.372
752714,834,1,HV,V,HV,50.9,47.52,-2.545,-2.3760000000000003
752715,835,0,RL,R,HV,-50.87,47.52,2.5435,-2.3760000000000003
752716,836,0,HV,H,RL,-152.0,-47.44,7.6,2.372
752717,837,1,HV,V,HV,50.9,47.52,-2.545,-2.3760000000000003
752718,838,1,RL,L,RL,152.69,-47.44,-7.6345,2.372
752719,839,1,RL,L,HV,152.69,47.52,-7.6345,-2.3760000000000003
752720,840,1,HV,V,RL,50.9,-47.44,-2.545,2.372
752721,841,0,RL,R,RL,-50.87,-47.44,2.5435,2.372
752722,842,0,RL,R,HV,-50.87,47.52,2.5435,-2.3760000000000003
752723,843,1,RL,L,HV,152.69,47.52,-7.6345,-2.3760000000000003
752724,844,1,HV,V,HV,50.9,47.52,-2.545,-2.3760000000000003
752725,845,0,HV,H,HV,-152.0,47.52,7.6,-2.3760000000000003
752726,846,1,HV,V,HV,50.9,47.52,-2.545,-2.3760000000000003
752727,847,0,RL,R,RL,-50.87,-47.44,2.5435,2.372
752728,848,1,RL,L,HV,152.69,47.52,-7.6345,-2.3760000000000003
752729,849,1,HV,V,RL,50.9,-47.44,-2.545,2.372
752730,850,1,HV,V,RL,50.9,-47.44,-2.545,2.372
752731,851,1,HV,V,HV,50.9,47.52,-2.545,-2.3760000000000003
752732,852,0,RL,R,RL,-50.87,-47.44,2.5435,2.372
752733,853,1,HV,V,RL,50.9,-47.44,-2.545,2.372
752734,854,0,HV,H,RL,-152.0,-47.44,7.6,2.372
752735,855,0,RL,R,RL,-50.87,-47.44,2.5435,2.372
752736,856,1,RL,L,RL,152.69,-47.44,-7.6345,2.372
752737,857,0,RL,R,HV,-50.87,47.52,2.5435,-2.3760000000000003
752738,858,1,RL,L,RL,152.69,-47.44,-7.6345,2.372
752739,859,0,HV,H,HV,-152.0,47.52,7.6,-2.3760000000000003
752740,860,1,HV,V,RL,50.9,-47.44,-2.545,2.372
752741,861,1,HV,V,RL,50.9,-47.44,-2.545,2.372
752742,862,0,HV,H,RL,-152.0,-47.44,7.6,2.372
752743,863,0,RL,R,RL,-50.87,-47.44,2.5435,2.372
752744,864,1,HV,V,RL,50.9,-47.44,-2.545,2.372
752745,865,0,HV,H,RL,-152.0,-47.44,7.6,2.372
752746,866,1,RL,L,RL,152.69,-47.44,-7.6345,2.372
752747,867,1,RL,L,HV,152.69,47.52,-7.6345,-2.3760000000000003
752748,868,1,RL,L,HV,152.69,47.52,-7.6345,-2.3760000000000003
752749,869,0,RL,R,RL,-50.87,-47.44,2.5435,2.372
752750,870,0,RL,R,HV,-50.87,47.52,2.5435,-2.3760000000000003
752751,871,0,RL,R,HV,-50.87,47.52,2.5435,-2.3760000000000003
752752,872,0,RL,R,RL,-50.87,-47.44,2.5435,2.372
752753,873,0,RL,R,HV,-50.87,47.52,2.5435,-2.3760000000000003
752754,874,0,RL,R,RL,-50.87,-47.44,2.5435,2.372
752755,875,0,RL,R,HV,-50.87,47.52,2.5435,-2.3760000000000003
752756,876,0,RL,R,RL,-50.87,-47.44,2.5435,2.372
752757,877,0,HV,H,RL,-152.0,-47.44,7.6,2.372
752758,878,0,HV,H,RL,-152.0,-47.44,7.6,2.372
752759,879,0,RL,R,HV,-50.87,47.52,2.5435,-2.3760000000000003
752760,880,0,HV,H,HV,-152.0,47.52,7.6,-2.3760000000000003
752761,881,0,HV,H,RL,-152.0,-47.44,7.6,2.372
752762,882,0,HV,H,RL,-152.0,-47.44,7.6,2.372
752763,883,1,HV,V,HV,50.9,47.52,-2.545,-2.3760000000000003
752764,884,0,HV,H,RL,-152.0,-47.44,7.6,2.372
752765,885,1,RL,L,HV,152.69,47.52,-7.6345,-2.3760000000000003
752766,886,0,HV,H,RL,-152.0,-47.44,7.6,2.372
752767,887,1,HV,V,HV,50.9,47.52,-2.545,-2.3760000000000003
752768,888,0,RL,R,RL,-50.87,-47.44,2.5435,2.372
752769,889,1,RL,L,RL,152.69,-47.44,-7.6345,2.372
752770,890,1,HV,V,RL,50.9,-47.44,-2.545,2.372
752771,891,0,RL,R,HV,-50.87,47.52,2.5435,-2.3760000000000003
752772,892,0,RL,R,HV,-50.87,47.52,2.5435,-2.3760000000000003
752773,893,0,HV,H,HV,-152.0,47.52,7.6,-2.3760000000000003
752774,894,0,RL,R,RL,-50.87,-47.44,2.5435,2.372
752775,895,0,RL,R,RL,-50.87,-47.44,2.5435,2.372
752776,896,0,HV,H,HV,-152.0,47.52,7.6,-2.3760000000000003
752777,897,1,RL,L,RL,152.69,-47.44,-7.6345,2.372
752778,898,0,RL,R,HV,-50.87,47.52,2.5435,-2.3760000000000003
752779,899,0,HV,H,HV,-152.0,47.52,7.6,-2.3760000000000003
752780,900,0,RL,R,RL,-50.87,-47.44,2.5435,2.372
752781,901,0,RL,R,RL,-50.87,-47.44,2.5435,2.372
752782,902,1,RL,L,RL,152.69,-47.44,-7.6345,2.372
752783,903,0,HV,H,RL,-152.0,-47.44,7.6,2.372
752784,904,0,HV,H,RL,-152.0,-47.44,7.6,2.372
752785,905,1,RL,L,HV,152.69,47.52,-7.6345,-2.3760000000000003
752786,906,1,HV,V,HV,50.9,47.52,-2.545,-2.3760000000000003
752787,907,1,HV,V,RL,50.9,-47.44,-2.545,2.372
752788,908,1,HV,V,HV,50.9,47.52,-2.545,-2.3760000000000003
752789,909,1,RL,L,RL,152.69,-47.44,-7.6345,2.372
752790,910,1,HV,V,HV,50.9,47.52,-2.545,-2.3760000000000003
752791,911,1,RL,L,RL,152.69,-47.44,-7.6345,2.372
752792,912,1,RL,L,RL,152.69,-47.44,-7.6345,2.372
752793,913,1,HV,V,HV,50.9,47.52,-2.545,-2.3760000000000003
752794,914,1,RL,L,HV,152.69,47.52,-7.6345,-2.3760000000000003
752795,915,1,RL,L,RL,152.69,-47.44,-7.6345,2.372
752796,916,1,HV,V,RL,50.9,-47.44,-2.545,2.372
752797,917,1,RL,L,HV,152.69,47.52,-7.6345,-2.3760000000000003
752798,918,0,RL,R,RL,-50.87,-47.44,2.5435,2.372
752799,919,0,RL,R,RL,-50.87,-47.44,2.5435,2.372
752800,920,1,RL,L,HV,152.69,47.52,-7.6345,-2.3760000000000003
752801,921,0,RL,R,RL,-50.87,-47.44,2.5435,2.372
752802,922,0,HV,H,HV,-152.0,47.52,7.6,-2.3760000000000003
752803,923,0,HV,H,HV,-152.0,47.52,7.6,-2.3760000000000003
752804,924,1,HV,V,HV,50.9,47.52,-2.545,-2.3760000000000003
752805,925,1,RL,L,RL,152.69,-47.44,-7.6345,2.372
752806,926,0,HV,H,HV,-152.0,47.52,7.6,-2.3760000000000003
752807,927,0,HV,H,RL,-152.0,-47.44,7.6,2.372
752808,928,0,HV,H,RL,-152.0,-47.44,7.6,2.372
752809,929,0,RL,R,HV,-50.87,47.52,2.5435,-2.3760000000000003
752810,930,0,RL,R,HV,-50.87,47.52,2.5435,-2.3760000000000003
752811,931,0,RL,R,HV,-50.87,47.52,2.5435,-2.3760000000000003
752812,932,1,HV,V,HV,50.9,47.52,-2.545,-2.3760000000000003
752813,933,0,HV,H,RL,-152.0,-47.44,7.6,2.372
752814,934,1,HV,V,HV,50.9,47.52,-2.545,-2.3760000000000003
752815,935,1,HV,V,RL,50.9,-47.44,-2.545,2.372
752816,936,0,RL,R,HV,-50.87,47.52,2.5435,-2.3760000000000003
752817,937,0,RL,R,RL,-50.87,-47.44,2.5435,2.372
752818,938,0,RL,R,RL,-50.87,-47.44,2.5435,2.372
752819,939,1,RL,L,HV,152.69,47.52,-7.6345,-2.3760000000000003
752820,940,1,RL,L,HV,152.69,47.52,-7.6345,-2.3760000000000003
752821,941,1,RL,L,HV,152.69,47.52,-7.6345,-2.3760000000000003
752822,942,0,RL,R,HV,-50.87,47.52,2.5435,-2.3760000000000003
752823,943,0,RL,R,HV,-50.87,47.52,2.5435,-2.3760000000000003
752824,944,0,RL,R,HV,-50.87,47.52,2.5435,-2.3760000000000003
752825,945,0,HV,H,HV,-152.0,47.52,7.6,-2.3760000000000003
752826,946,0,HV,H,RL,-152.0,-47.44,7.6,2.372
752827,947,1,HV,V,HV,50.9,47.52,-2.545,-2.3760000000000003
752828,948,1,HV,V,HV,50.9,47.52,-2.545,-2.3760000000000003
752829,949,1,RL,L,HV,152.69,47.52,-7.6345,-2.3760000000000003
752830,950,1,RL,L,HV,152.69,47.52,-7.6345,-2.3760000000000003
752831,951,0,RL,R,HV,-50.87,47.52,2.5435,-2.3760000000000003
752832,952,1,RL,L,RL,152.69,-47.44,-7.6345,2.372
752833,953,0,HV,H,HV,-152.0,47.52,7.6,-2.3760000000000003
752834,954,1,RL,L,RL,152.69,-47.44,-7.6345,2.372
752835,955,0,RL,R,HV,-50.87,47.52,2.5435,-2.3760000000000003
752836,956,0,HV,H,HV,-152.0,47.52,7.6,-2.3760000000000003
752837,957,1,HV,V,HV,50.9,47.52,-2.545,-2.3760000000000003
752838,958,1,HV,V,HV,50.9,47.52,-2.545,-2.3760000000000003
752839,959,1,HV,V,HV,50.9,47.52,-2.545,-2.3760000000000003
752840,960,1,HV,V,RL,50.9,-47.44,-2.545,2.372
752841,961,0,HV,H,HV,-152.0,47.52,7.6,-2.3760000000000003
752842,962,1,HV,V,RL,50.9,-47.44,-2.545,2.372
752843,963,1,HV,V,RL,50.9,-47.44,-2.545,2.372
752844,964,1,RL,L,HV,152.69,47.52,-7.6345,-2.3760000000000003
752845,965,0,HV,H,RL,-152.0,-47.44,7.6,2.372
752846,966,0,RL,R,RL,-50.87,-47.44,2.5435,2.372
752847,967,0,HV,H,HV,-152.0,47.52,7.6,-2.3760000000000003
752848,968,0,RL,R,RL,-50.87,-47.44,2.5435,2.372
752849,969,1,HV,V,HV,50.9,47.52,-2.545,-2.3760000000000003
752850,970,0,HV,H,RL,-152.0,-47.44,7.6,2.372
752851,971,1,HV,V,HV,50.9,47.52,-2.545,-2.3760000000000003
752852,972,0,RL,R,HV,-50.87,47.52,2.5435,-2.3760000000000003
752853,973,0,RL,R,RL,-50.87,-47.44,2.5435,2.372
752854,974,0,RL,R,RL,-50.87,-47.44,2.5435,2.372
752855,975,1,HV,V,RL,50.9,-47.44,-2.545,2.372
752856,976,1,RL,L,HV,152.69,47.52,-7.6345,-2.3760000000000003
752857,977,1,HV,V,RL,50.9,-47.44,-2.545,2.372
752858,978,1,RL,L,HV,152.69,47.52,-7.6345,-2.3760000000000003
752859,979,0,RL,R,HV,-50.87,47.52,2.5435,-2.3760000000000003
752860,980,0,RL,R,HV,-50.87,47.52,2.5435,-2.3760000000000003
752861,981,0,HV,H,HV,-152.0,47.52,7.6,-2.3760000000000003
752862,982,0,RL,R,HV,-50.87,47.52,2.5435,-2.3760000000000003
752863,983,1,RL,L,RL,152.69,-47.44,-7.6345,2.372
752864,984,1,RL,L,HV,152.69,47.52,-7.6345,-2.3760000000000003
752865,985,1,RL,L,HV,152.69,47.52,-7.6345,-2.3760000000000003
752866,986,1,RL,L,RL,152.69,-47.44,-7.6345,2.372
752867,987,1,HV,V,HV,50.9,47.52,-2.545,-2.3760000000000003
752868,988,1,HV,V,HV,50.9,47.52,-2.545,-2.3760000000000003
752869,989,0,HV,H,RL,-152.0,-47.44,7.6,2.372
752870,990,1,HV,V,HV,50.9,47.52,-2.545,-2.3760000000000003
752871,991,1,RL,L,RL,152.69,-47.44,-7.6345,2.372
752872,992,0,HV,H,HV,-152.0,47.52,7.6,-2.3760000000000003
752873,993,0,RL,R,RL,-50.87,-47.44,2.5435,2.372
752874,994,1,RL,L,RL,152.69,-47.44,-7.6345,2.372
752875,995,1,HV,V,RL,50.9,-47.44,-2.545,2.372
752876,996,1,RL,L,HV,152.69,47.52,-7.6345,-2.3760000000000003
752877,997,0,RL,R,HV,-50.87,47.52,2.5435,-2.3760000000000003
752878,998,0,RL,R,RL,-50.87,-47.44,2.5435,2.372
752879,999,0,HV,H,RL,-152.0,-47.44,7.6,2.372
752880,1000,0,HV,H,HV,-152.0,47.52,7.6,-2.3760000000000003
752881,1001,1,HV,V,HV,50.9,47.52,-2.545,-2.3760000000000003
752882,1002,1,RL,L,HV,152.69,47.52,-7.6345,-2.3760000000000003
752883,1003,1,HV,V,RL,50.9,-47.44,-2.545,2.372
752884,1004,0,HV,H,RL,-152.0,-47.44,7.6,2.372
752885,1005,0,HV,H,HV,-152.0,47.52,7.6,-2.3760000000000003
752886,1006,1,HV,V,RL,50.9,-47.44,-2.545,2.372
752887,1007,1,RL,L,RL,152.69,-47.44,-7.6345,2.372
752888,1008,0,RL,R,HV,-50.87,47.52,2.5435,-2.3760000000000003
752889,1009,0,HV,H,RL,-152.0,-47.44,7.6,2.372
752890,1010,0,RL,R,HV,-50.87,47.52,2.5435,-2.3760000000000003
752891,1011,0,HV,H,HV,-152.0,47.52,7.6,-2.3760000000000003
752892,1012,0,RL,R,HV,-50.87,47.52,2.5435,-2.3760000000000003
752893,1013,1,HV,V,HV,50.9,47.52,-2.545,-2.3760000000000003
752894,1014,0,HV,H,HV,-152.0,47.52,7.6,-2.3760000000000003
752895,1015,1,RL,L,HV,152.69,47.52,-7.6345,-2.3760000000000003
752896,1016,1,RL,L,HV,152.69,47.52,-7.6345,-2.3760000000000003
752897,1017,1,HV,V,RL,50.9,-47.44,-2.545,2.372
752898,1018,1,RL,L,RL,152.69,-47.44,-7.6345,2.372
752899,1019,0,RL,R,HV,-50.87,47.52,2.5435,-2.3760000000000003
752900,1020,1,HV,V,RL,50.9,-47.44,-2.545,2.372
752901,1021,0,RL,R,RL,-50.87,-47.44,2.5435,2.372
752902,1022,1,RL,L,HV,152.69,47.52,-7.6345,-2.3760000000000003
752903,1023,1,RL,L,HV,152.69,47.52,-7.6345,-2.3760000000000003
